Rk;Player;Pos;Age;Tm;G;GS;MP;FG;FGA;FG%;3P;3PA;3P%;2P;2PA;2P%;eFG%;FT;FTA;FT%;ORB;DRB;TRB;AST;STL;BLK;TOV;PF;PTS
1;Precious Achiuwa;C;23;28;55;12;20.7;3.6;7.3;0.485;0.5;2;0.269;3;5.4;0.564;0.521;1.6;2.3;0.702;1.8;4.1;6;0.9;0.6;0.5;1.1;1.9;9.2
2;Steven Adams;C;29;15;42;42;27;3.7;6.3;0.597;0;0;0;3.7;6.2;0.599;0.597;1.1;3.1;0.364;5.1;6.5;11.5;2.3;0.9;1.1;1.9;2.3;8.6
3;Bam Adebayo;C;25;16;75;75;34.6;8;14.9;0.54;0;0.2;0.083;8;14.7;0.545;0.541;4.3;5.4;0.806;2.5;6.7;9.2;3.2;1.2;0.8;2.5;2.8;20.4
4;Ochai Agbaji;SG;22;29;59;22;20.5;2.8;6.5;0.427;1.4;3.9;0.355;1.4;2.7;0.532;0.532;0.9;1.2;0.812;0.7;1.3;2.1;1.1;0.3;0.3;0.7;1.7;7.9
5;Santi Aldama;PF;22;15;77;20;21.8;3.2;6.8;0.47;1.2;3.5;0.353;2;3.4;0.591;0.56;1.4;1.9;0.75;1.1;3.7;4.8;1.3;0.6;0.6;0.8;1.9;9
6;Nickeil Alexander-Walker;SG;24;0;59;3;15;2.2;5;0.444;1;2.7;0.384;1.2;2.3;0.515;0.547;0.7;1;0.667;0.3;1.5;1.7;1.8;0.5;0.4;0.9;1.5;6.2
6;Nickeil Alexander-Walker;SG;24;29;36;3;14.7;2.3;4.7;0.488;1;2.4;0.402;1.3;2.3;0.578;0.591;0.8;1.1;0.692;0.2;1.4;1.6;2.1;0.7;0.4;1.3;1.6;6.3
6;Nickeil Alexander-Walker;SG;24;18;23;0;15.5;2.1;5.4;0.384;1.1;3.1;0.361;1;2.3;0.415;0.488;0.6;0.9;0.619;0.3;1.5;1.8;1.4;0.3;0.3;0.4;1.3;5.9
7;Grayson Allen;SG;27;17;72;70;27.4;3.4;7.7;0.44;2;5.1;0.399;1.4;2.7;0.518;0.571;1.6;1.8;0.905;0.8;2.4;3.3;2.3;0.9;0.2;1;1.6;10.4
8;Jarrett Allen;C;24;6;68;68;32.6;5.9;9.2;0.644;0;0.1;0.1;5.9;9.1;0.653;0.645;2.4;3.3;0.733;3.3;6.5;9.8;1.7;0.8;1.2;1.4;2.3;14.3
9;Jose Alvarado;PG;24;19;61;10;21.5;3.3;8;0.411;1.4;4;0.336;1.9;4;0.488;0.496;1.1;1.3;0.813;0.5;1.9;2.3;3;1.1;0.2;1.3;2;9
10;Kyle Anderson;PF;29;18;69;46;28.4;3.7;7.2;0.509;0.6;1.5;0.41;3;5.7;0.536;0.553;1.4;2;0.735;1;4.4;5.3;4.9;1.1;0.9;1.5;2.1;9.4
11;Giannis Antetokounmpo;PF;28;17;63;63;32.1;11.2;20.3;0.553;0.7;2.7;0.275;10.5;17.6;0.596;0.572;7.9;12.3;0.645;2.2;9.6;11.8;5.7;0.8;0.8;3.9;3.1;31.1
12;Thanasis Antetokounmpo;SF;30;17;37;0;5.6;0.5;1.2;0.435;0;0.2;0;0.5;1;0.526;0.435;0.3;0.6;0.5;0.4;0.8;1.2;0.4;0.1;0.1;0.3;0.6;1.4
13;Cole Anthony;PG;22;22;60;4;25.9;4.6;10.2;0.454;1.3;3.4;0.364;3.4;6.7;0.5;0.516;2.5;2.8;0.894;0.8;4;4.8;3.9;0.6;0.5;1.5;2.6;13
14;OG Anunoby;SF;25;28;67;67;35.6;6.3;13.2;0.476;2.1;5.5;0.387;4.2;7.7;0.539;0.556;2.1;2.5;0.838;1.4;3.5;5;2;1.9;0.7;2;3;16.8
15;Ryan Arcidiacono;PG;28;0;20;4;8.6;0.5;1.9;0.243;0.4;1.2;0.348;0.1;0.7;0.071;0.351;0;0;0;0;0.8;0.8;1.2;0.3;0;0.4;0.9;1.3
15;Ryan Arcidiacono;PG;28;20;11;0;2.4;0.1;0.5;0.2;0.1;0.3;0.333;0;0.2;0;0.3;0;0;0;0;0.4;0.4;0.2;0.2;0;0.1;0.3;0.3
15;Ryan Arcidiacono;PG;28;25;9;4;16.2;0.9;3.6;0.25;0.8;2.2;0.35;0.1;1.3;0.083;0.359;0;0;0;0;1.2;1.2;2.3;0.3;0;0.7;1.6;2.6
16;Deni Avdija;SF;22;30;76;40;26.6;3.3;7.6;0.437;0.9;3.1;0.297;2.4;4.6;0.53;0.497;1.6;2.2;0.739;1;5.4;6.4;2.8;0.9;0.4;1.6;2.8;9.2
17;Deandre Ayton;C;24;24;67;67;30.4;7.8;13.2;0.589;0.1;0.4;0.292;7.7;12.9;0.597;0.592;2.3;3;0.76;2.6;7.4;10;1.7;0.6;0.8;1.8;2.8;18
18;Udoka Azubuike;C;23;29;36;4;10;1.6;2;0.819;0;0;0;1.6;2;0.819;0.819;0.2;0.6;0.35;0.9;2.4;3.3;0.3;0.2;0.4;0.5;0.9;3.5
19;Marvin Bagley III;C;23;9;42;25;23.6;4.8;9.1;0.529;0.5;1.6;0.288;4.4;7.5;0.579;0.554;1.9;2.6;0.75;2.2;4.2;6.4;0.9;0.5;0.7;1.1;1.9;12
20;Patrick Baldwin Jr.;SF;20;10;31;0;7.3;1.4;3.5;0.394;1;2.7;0.381;0.4;0.8;0.44;0.541;0.1;0.2;0.667;0;1.3;1.3;0.4;0.2;0.1;0.4;0.5;3.9
21;LaMelo Ball;PG;21;4;36;36;35.2;8.2;20;0.411;4;10.6;0.376;4.2;9.4;0.45;0.51;2.8;3.4;0.836;1.2;5.3;6.4;8.4;1.3;0.3;3.6;3.3;23.3
22;Mo Bamba;C;24;0;49;7;15.7;2.4;4.9;0.485;1;2.5;0.387;1.4;2.4;0.59;0.585;0.8;1.3;0.661;1.2;3.4;4.6;0.9;0.3;0.9;0.6;2.1;6.6
22;Mo Bamba;C;24;22;40;6;17;2.7;5.4;0.495;1.1;2.7;0.398;1.6;2.7;0.594;0.596;0.9;1.3;0.686;1.2;3.4;4.6;1.1;0.3;1;0.6;2.2;7.3
22;Mo Bamba;C;24;14;9;1;9.8;1.2;3;0.407;0.6;1.8;0.313;0.7;1.2;0.545;0.5;0.7;1.2;0.545;1.2;3.3;4.6;0.4;0.1;0.6;0.9;2.1;3.7
23;Paolo Banchero;PF;20;22;72;72;33.8;6.7;15.6;0.427;1.2;4;0.298;5.5;11.6;0.471;0.465;5.5;7.4;0.738;1.2;5.7;6.9;3.7;0.8;0.5;2.8;2.2;20
24;Desmond Bane;SG;24;15;58;58;31.7;7.8;16.2;0.479;2.9;7;0.408;4.9;9.2;0.534;0.568;3.1;3.5;0.883;0.7;4.3;5;4.4;1;0.4;2.2;2.6;21.5
25;Dalano Banton;PG;23;28;31;2;9;1.8;4.2;0.423;0.5;1.6;0.294;1.3;2.5;0.506;0.481;0.5;0.8;0.708;0.4;1.1;1.5;1.2;0.4;0.4;0.6;1.1;4.6
26;Dominick Barlow;SF;19;27;28;0;14.6;1.6;3.1;0.535;0;0.1;0;1.6;2.9;0.561;0.535;0.6;0.9;0.72;1.6;2;3.6;0.9;0.4;0.7;0.5;2;3.9
27;Harrison Barnes;PF;30;26;82;82;32.5;4.6;9.6;0.473;1.6;4.3;0.374;3;5.3;0.553;0.556;4.3;5;0.847;1.1;3.4;4.5;1.6;0.7;0.1;1;1.3;15
28;Scottie Barnes;PF;21;28;77;76;34.8;6;13.2;0.456;0.8;2.9;0.281;5.2;10.3;0.505;0.487;2.5;3.2;0.772;2.3;4.3;6.6;4.8;1.1;0.8;2;2.2;15.3
29;RJ Barrett;SG;22;20;73;73;33.9;7;16.1;0.434;1.7;5.3;0.31;5.3;10.8;0.495;0.485;4;5.4;0.74;0.8;4.2;5;2.8;0.4;0.2;2.2;2.5;19.6
30;Will Barton;SG;32;0;56;2;17.7;2.5;6.5;0.379;1.2;3.2;0.367;1.3;3.3;0.391;0.47;0.7;0.8;0.787;0.3;2.2;2.4;2;0.5;0.2;0.9;1;6.8
30;Will Barton;SG;32;30;40;0;19.6;2.8;7.1;0.386;1.3;3.5;0.377;1.5;3.7;0.395;0.477;0.9;1.1;0.778;0.3;2.5;2.8;2.4;0.4;0.3;1.1;1;7.7
30;Will Barton;SG;32;28;16;2;13.2;1.8;4.9;0.354;0.9;2.6;0.333;0.9;2.3;0.378;0.443;0.1;0.1;1;0.3;1.3;1.6;1.1;0.7;0.2;0.2;1.1;4.5
31;Charles Bassey;C;22;27;35;2;14.5;2.5;3.9;0.644;0.1;0.2;0.375;2.4;3.6;0.661;0.656;0.6;1.1;0.595;2.1;3.4;5.5;1.3;0.5;0.9;1.2;2.1;5.7
32;Keita Bates-Diop;SF;27;27;67;42;21.7;3.5;6.9;0.508;0.8;2.1;0.394;2.7;4.8;0.557;0.568;1.8;2.2;0.793;1;2.7;3.7;1.5;0.7;0.3;0.8;0.9;9.7
33;Nicolas Batum;PF;34;13;78;19;21.9;2.1;4.9;0.42;1.6;4.1;0.391;0.5;0.8;0.563;0.583;0.4;0.6;0.708;0.8;3;3.8;1.6;0.7;0.6;0.6;1.9;6.1
34;Darius Bazley;PF;22;0;43;1;14.3;1.9;4.3;0.454;0.5;1.2;0.377;1.5;3;0.485;0.508;0.9;1.6;0.543;0.8;2.4;3.2;0.9;0.5;0.8;0.6;1;5.2
34;Darius Bazley;PF;22;21;36;1;15.4;2;4.4;0.449;0.5;1.3;0.4;1.5;3.1;0.469;0.506;1;1.8;0.554;0.8;2.6;3.4;0.9;0.5;0.8;0.6;1;5.4
34;Darius Bazley;PF;22;24;7;0;8.7;1.7;3.6;0.48;0.3;1.1;0.25;1.4;2.4;0.588;0.52;0.3;0.7;0.4;0.7;1.6;2.3;0.9;0.4;0.7;0.7;1.3;4
35;Bradley Beal;SG;29;30;50;50;33.5;8.9;17.6;0.506;1.6;4.4;0.365;7.3;13.2;0.552;0.551;3.8;4.6;0.842;0.8;3.1;3.9;5.4;0.9;0.7;2.9;2.1;23.2
36;Malik Beasley;SG;26;0;81;27;25.8;4.6;11.6;0.395;2.9;8.1;0.357;1.7;3.4;0.484;0.52;0.6;0.8;0.769;0.4;3.1;3.5;1.5;0.8;0.1;1.1;1.3;12.7
36;Malik Beasley;SG;26;29;55;13;26.8;4.8;12.2;0.396;3.1;8.6;0.359;1.7;3.6;0.485;0.522;0.7;0.8;0.841;0.5;3.1;3.6;1.7;0.8;0.1;1.1;1.4;13.4
36;Malik Beasley;SG;26;14;26;14;23.9;4;10.3;0.392;2.5;7.2;0.353;1.5;3.1;0.481;0.515;0.5;0.8;0.619;0.3;3;3.3;1.2;0.8;0;1.2;1.2;11.1
37;MarJon Beauchamp;SF;22;17;52;11;13.5;1.8;4.7;0.395;0.9;2.7;0.331;0.9;1.9;0.485;0.492;0.5;0.7;0.73;0.7;1.5;2.2;0.7;0.4;0.1;0.9;1.4;5.1
38;D?vis Bert?ns;PF;30;7;45;1;10.9;1.5;3.6;0.431;1.2;3.1;0.39;0.3;0.4;0.737;0.603;0.3;0.3;0.867;0.2;1;1.2;0.5;0.2;0.2;0.2;1.2;4.6
39;Patrick Beverley;PG;34;0;67;67;27.1;2.1;5.4;0.4;1.2;3.6;0.335;1;1.8;0.529;0.511;0.7;1;0.723;0.7;3;3.7;2.9;0.9;0.6;0.9;2.8;6.2
39;Patrick Beverley;PG;34;14;45;45;26.9;2.2;5.4;0.402;1.2;3.5;0.348;0.9;1.8;0.506;0.517;0.9;1.1;0.78;0.5;2.6;3.1;2.6;0.9;0.6;0.9;2.8;6.4
39;Patrick Beverley;PG;34;5;22;22;27.5;2.1;5.4;0.395;1.1;3.7;0.309;1;1.7;0.579;0.5;0.4;0.7;0.533;0.9;4;4.9;3.5;1;0.7;0.8;2.9;5.8
40;Saddiq Bey;SF;23;0;77;37;27.6;4.6;10.9;0.422;2;5.4;0.361;2.6;5.4;0.483;0.513;2.7;3.1;0.861;1.3;3.4;4.7;1.5;0.9;0.2;0.9;1.6;13.8
40;Saddiq Bey;SF;23;9;52;30;28.8;4.7;11.7;0.404;1.9;5.6;0.345;2.8;6;0.46;0.488;3.5;4;0.861;1.1;3.5;4.7;1.6;1;0.2;1;1.7;14.8
40;Saddiq Bey;SF;23;1;25;7;25.2;4.3;9.2;0.47;2;5;0.4;2.3;4.2;0.552;0.578;1;1.2;0.862;1.6;3.2;4.8;1.4;0.8;0;0.7;1.5;11.6
41;Khem Birch;C;30;28;20;0;8.1;1;1.6;0.594;0.1;0.1;0.5;0.9;1.5;0.6;0.609;0.2;0.3;0.8;0.4;0.9;1.3;0.4;0.3;0.3;0.4;1.2;2.2
42;Goga Bitadze;C;23;0;38;1;12;1.8;3.3;0.552;0.2;0.7;0.231;1.7;2.6;0.636;0.576;0.6;1.1;0.548;1.6;2;3.6;1;0.4;0.7;0.6;1.7;4.4
42;Goga Bitadze;C;23;12;21;0;9.6;1.3;2.5;0.519;0.2;0.7;0.286;1.1;1.8;0.605;0.558;0.5;1.1;0.458;1.2;1.1;2.3;0.9;0.4;0.5;0.6;1.6;3.3
42;Goga Bitadze;C;23;22;17;1;15;2.5;4.3;0.575;0.1;0.7;0.167;2.4;3.6;0.656;0.589;0.7;1.1;0.667;2.1;3.1;5.2;1.2;0.4;0.9;0.6;1.8;5.8
43;Bismack Biyombo;C;30;24;61;14;14.3;2;3.4;0.578;0;0;0;2;3.4;0.578;0.578;0.4;1.1;0.357;1.5;2.8;4.3;0.9;0.3;1.4;0.8;1.9;4.3
44;Buddy Boeheim;PG;23;9;10;0;9;0.5;2.7;0.185;0.4;2.5;0.16;0.1;0.2;0.5;0.259;0.2;0.2;1;0.2;0.4;0.6;0.4;0.2;0;0;0.6;1.6
45;Bogdan Bogdanovi?;SG;30;1;54;9;27.9;5.1;11.3;0.447;2.7;6.7;0.406;2.4;4.6;0.506;0.566;1.2;1.4;0.831;0.4;2.6;3.1;2.8;0.8;0.3;1.2;1.6;14
46;Bojan Bogdanovi?;PF;33;9;59;59;32.1;7.3;14.9;0.488;2.5;6;0.411;4.8;9;0.539;0.57;4.5;5.1;0.884;0.6;3.2;3.8;2.6;0.6;0.1;2.3;1.9;21.6
47;Bol Bol;PF;23;22;70;33;21.5;3.7;6.8;0.546;0.4;1.6;0.265;3.3;5.2;0.633;0.577;1.2;1.5;0.759;1;4.8;5.8;1;0.4;1.2;1.6;1.3;9.1
48;Leandro Bolmaro;SG;22;29;14;0;4.9;0.2;1.4;0.15;0;0.3;0;0.2;1.1;0.188;0.15;0;0;0;0.3;0.2;0.5;0.5;0.2;0.1;0.5;0.7;0.4
49;Devin Booker;SG;26;24;53;53;34.6;9.9;20.1;0.494;2.1;6;0.351;7.8;14.2;0.554;0.546;5.8;6.8;0.855;0.9;3.7;4.5;5.5;1;0.3;2.7;3;27.8
50;Brandon Boston Jr.;SG;21;13;22;1;11.3;2.3;5.5;0.418;0.5;1.3;0.414;1.8;4.2;0.419;0.467;1.3;1.7;0.763;0.3;1;1.4;0.9;0.4;0;0.5;1;6.5
51;Chris Boucher;PF;30;28;76;0;20;3.4;7;0.493;0.8;2.5;0.328;2.6;4.5;0.585;0.552;1.7;2.2;0.762;2.1;3.5;5.5;0.4;0.6;0.8;0.5;1.9;9.4
52;James Bouknight;SG;22;4;34;0;15.1;2;5.7;0.358;1;3.2;0.303;1.1;2.5;0.429;0.443;0.6;0.9;0.667;0.2;1.9;2.1;1.2;0.4;0.1;0.9;1.4;5.6
53;Jamaree Bouyea;PG;23;0;5;0;14.2;1.2;2.8;0.429;0.4;1.2;0.333;0.8;1.6;0.5;0.5;0.2;0.4;0.5;0.2;1;1.2;0.8;0.8;0.4;0.8;1.2;3
53;Jamaree Bouyea;PG;23;16;4;0;16.3;1.5;3.3;0.462;0.5;1.3;0.4;1;2;0.5;0.538;0.3;0.5;0.5;0.3;1;1.3;1;1;0.5;1;1.3;3.8
53;Jamaree Bouyea;PG;23;30;1;0;6;0;1;0;0;1;0;0;0;0;0;0;0;0;0;1;1;0;0;0;0;1;0
54;Tony Bradley;C;25;5;12;0;2.8;0.5;1;0.5;0.3;0.4;0.6;0.3;0.6;0.429;0.625;0.3;0.3;1;0.1;0.8;0.9;0.1;0.1;0.1;0.1;0.2;1.6
55;Malaki Branham;SF;19;27;66;32;23.5;4.1;9.3;0.44;1.2;3.9;0.302;2.9;5.4;0.539;0.503;0.9;1.1;0.829;0.4;2.3;2.7;1.9;0.5;0.1;1.2;1.7;10.2
56;Jarrell Brantley;PF;26;29;4;0;9.8;2;3.5;0.571;1;2.3;0.444;1;1.3;0.8;0.714;0.5;0.5;1;0.3;1.3;1.5;0.8;0;0.5;0.5;0.8;5.5
57;Christian Braun;SG;21;8;76;6;15.5;1.9;3.8;0.495;0.4;1.3;0.354;1.4;2.5;0.565;0.554;0.5;0.8;0.625;0.6;1.8;2.4;0.8;0.5;0.2;0.5;1.3;4.7
58;Mikal Bridges;SF;26;0;83;83;35.7;7.1;15.3;0.468;2;5.3;0.382;5.1;9.9;0.514;0.535;3.8;4.3;0.895;1;3.4;4.4;3.3;1.1;0.7;1.5;1.9;20.1
58;Mikal Bridges;SF;26;24;56;56;36.4;6.3;13.6;0.463;1.8;4.7;0.387;4.5;9;0.503;0.529;2.8;3.1;0.897;1;3.3;4.3;3.6;1.2;0.8;1.4;2.1;17.2
58;Mikal Bridges;SF;26;3;27;27;34.2;8.9;18.6;0.475;2.5;6.7;0.376;6.3;11.9;0.531;0.543;5.9;6.6;0.894;0.9;3.6;4.5;2.7;1;0.6;1.8;1.6;26.1
59;Oshae Brissett;SF;24;12;65;2;16.7;1.9;4.9;0.386;0.7;2.4;0.31;1.2;2.5;0.457;0.461;1.6;2.2;0.717;1;2.4;3.4;0.7;0.5;0.2;0.5;1.2;6.1
60;Malcolm Brogdon;PG;30;2;67;0;26;5.3;10.9;0.484;2;4.4;0.444;3.3;6.5;0.51;0.574;2.4;2.7;0.87;0.6;3.6;4.2;3.7;0.7;0.3;1.5;1.6;14.9
61;Dillon Brooks;SF;27;15;73;73;30.3;5.4;13.6;0.396;2;6;0.326;3.4;7.6;0.451;0.468;1.6;2.1;0.779;0.6;2.7;3.3;2.6;0.9;0.2;1.4;3.3;14.3
62;Bruce Brown;SG;26;8;80;31;28.5;4.5;9.3;0.483;1.1;3.2;0.358;3.3;6.1;0.548;0.545;1.5;1.9;0.758;0.8;3.3;4.1;3.4;1.1;0.6;1.5;2.4;11.5
63;Greg Brown III;PF;21;25;16;0;5.8;0.7;1.8;0.393;0.1;0.4;0.143;0.6;1.3;0.476;0.411;0.3;0.8;0.417;0.1;1.1;1.2;0.2;0.3;0.3;0.4;0.8;1.8
64;Jaylen Brown;SF;26;2;67;67;35.9;10.1;20.6;0.491;2.4;7.3;0.335;7.7;13.4;0.576;0.55;3.9;5.1;0.765;1.2;5.7;6.9;3.5;1.1;0.4;2.9;2.6;26.6
65;Kendall Brown;SG;19;12;6;0;6.7;0.7;1.2;0.571;0;0.2;0;0.7;1;0.667;0.571;0.2;0.3;0.5;0.3;0.7;1;0.5;0.7;0;0.3;1.5;1.5
66;Moses Brown;C;23;0;36;1;8.2;1.7;2.7;0.635;0;0;0;1.7;2.7;0.635;0.635;0.9;2;0.458;1.6;2.3;3.9;0.1;0.1;0.4;0.4;1.1;4.3
66;Moses Brown;C;23;13;34;1;8.5;1.8;2.8;0.635;0;0;0;1.8;2.8;0.635;0.635;1;2.1;0.458;1.7;2.4;4.1;0.1;0.1;0.4;0.4;1.1;4.6
66;Moses Brown;C;23;3;2;0;3;0;0;0;0;0;0;0;0;0;0;0;0;0;0;0;0;0;0.5;0;0.5;0.5;0
67;Sterling Brown;SG;27;14;4;0;6;0;1;0;0;0.5;0;0;0.5;0;0;0;0;0;0.8;1.3;2;0.5;0.8;0;0;1;0
68;Troy Brown Jr.;SF;23;14;76;45;24.5;2.6;6.1;0.43;1.4;3.7;0.381;1.2;2.4;0.505;0.545;0.4;0.5;0.872;0.8;3.2;4.1;1.3;0.8;0.2;0.6;1.6;7.1
69;Jalen Brunson;PG;26;20;68;68;35;8.6;17.6;0.491;2;4.7;0.416;6.7;12.8;0.519;0.547;4.8;5.8;0.829;0.6;3;3.5;6.2;0.9;0.2;2.1;2.2;24
70;Thomas Bryant;C;25;0;59;26;18.3;3.9;6.3;0.623;0.4;1;0.441;3.5;5.3;0.658;0.659;1.6;2.1;0.738;1.5;4.3;5.7;0.5;0.3;0.5;0.6;1.7;9.8
70;Thomas Bryant;C;25;14;41;25;21.4;4.8;7.3;0.654;0.5;1.2;0.44;4.3;6.1;0.697;0.691;2;2.6;0.741;1.6;5.2;6.8;0.7;0.3;0.6;0.7;1.9;12.1
70;Thomas Bryant;C;25;8;18;1;11.4;1.8;3.8;0.485;0.2;0.5;0.444;1.6;3.3;0.492;0.515;0.7;1;0.722;1.1;2.3;3.3;0.1;0.1;0.4;0.6;1.4;4.6
71;Reggie Bullock;SF;31;7;78;55;30.3;2.5;6;0.409;1.9;5.1;0.38;0.5;0.9;0.562;0.569;0.3;0.5;0.703;0.4;3.2;3.6;1.4;0.7;0.2;0.5;2.1;7.2
72;Alec Burks;SG;31;9;51;8;22;3.9;9;0.436;1.9;4.7;0.414;2;4.3;0.459;0.544;3;3.7;0.814;0.4;2.7;3.1;2.2;0.7;0.2;1.1;1.9;12.8
73;Deonte Burton;SG;29;26;2;0;3;0;1;0;0;0.5;0;0;0.5;0;0;0;0;0;0;0;0;0;0;0;0;0;0
74;Jared Butler;SG;22;21;6;1;12.8;2.5;5.3;0.469;1.2;2.3;0.5;1.3;3;0.444;0.578;0;0;0;0.2;0.5;0.7;1.3;0.8;0;0.8;0.8;6.2
75;Jimmy Butler;SF;33;16;64;64;33.4;7.5;13.9;0.539;0.6;1.6;0.35;6.9;12.3;0.564;0.56;7.4;8.7;0.85;2.2;3.7;5.9;5.3;1.8;0.3;1.6;1.3;22.9
76;John Butler;C;20;25;19;1;11.6;0.9;2.8;0.321;0.4;1.8;0.229;0.5;0.9;0.5;0.396;0.2;0.2;0.75;0.2;0.7;0.9;0.6;0.4;0.5;0.1;1.2;2.4
77;Jamal Cain;SF;23;16;18;0;13.3;2.1;3.7;0.561;0.4;1.1;0.35;1.7;2.6;0.652;0.614;0.9;1.2;0.773;0.8;2.1;2.9;0.7;0.6;0.1;0.3;1.2;5.4
78;Kentavious Caldwell-Pope;SG;29;8;76;76;31.3;3.8;8.3;0.462;1.8;4.2;0.423;2.1;4.1;0.502;0.569;1.4;1.6;0.824;0.5;2.3;2.7;2.4;1.5;0.5;1.1;1.9;10.8
79;Facundo Campazzo;PG;31;7;8;0;6.5;0.4;1.6;0.231;0.4;1.4;0.273;0;0.3;0;0.346;0.1;0.3;0.5;0;0.3;0.3;1.1;0.8;0;0.4;0.4;1.3
80;Vlatko ?an?ar;PF;25;8;60;9;14.8;1.8;3.8;0.476;0.7;1.9;0.374;1.1;1.9;0.58;0.57;0.6;0.7;0.927;0.4;1.7;2.1;1.3;0.4;0.2;0.6;1.4;5
81;Clint Capela;C;28;1;65;63;26.6;5.4;8.2;0.653;0;0;0;5.4;8.2;0.654;0.653;1.2;2;0.603;4;7.1;11;0.9;0.7;1.2;0.8;2.1;12
82;Vernon Carey Jr.;C;21;30;11;0;2.5;0.2;0.7;0.25;0;0;0;0.2;0.7;0.25;0.25;0.2;0.2;1;0.3;0.7;1;0.3;0.2;0.2;0.2;0.5;0.5
83;Jevon Carter;PG;27;17;81;39;22.3;3;7;0.423;1.8;4.2;0.421;1.2;2.8;0.425;0.549;0.4;0.5;0.816;0.4;2.1;2.5;2.4;0.8;0.4;1;2;8
84;Wendell Carter Jr.;C;23;22;57;54;29.6;5.6;10.8;0.525;1.4;3.9;0.356;4.2;6.8;0.624;0.591;2.5;3.4;0.738;2.1;6.6;8.7;2.3;0.5;0.6;1.9;2.8;15.2
85;Michael Carter-Williams;PG;31;22;4;0;11;1.5;3.5;0.429;0.3;0.8;0.333;1.3;2.8;0.455;0.464;1;1.8;0.571;0.3;1;1.3;1.8;0.3;0.3;1;1.3;4.3
86;Alex Caruso;PG;28;5;67;36;23.5;1.9;4.3;0.455;0.8;2.3;0.364;1.1;2;0.556;0.551;0.9;1.1;0.808;0.6;2.3;2.9;2.9;1.5;0.7;1.1;2.4;5.6
87;Julian Champagnie;SF;21;0;17;3;18.8;3.5;7.6;0.454;1.9;4.8;0.402;1.5;2.8;0.542;0.581;0.8;1;0.824;0.6;2.9;3.5;0.6;0.4;0.3;0.6;1.5;9.7
87;Julian Champagnie;SF;21;23;2;0;3.5;0;1;0;0;0.5;0;0;0.5;0;0;0;0;0;0;0;0;0;0.5;0;0;0;0
87;Julian Champagnie;SF;21;27;15;3;20.9;3.9;8.5;0.461;2.2;5.4;0.407;1.7;3.1;0.553;0.59;0.9;1.1;0.824;0.7;3.3;4;0.7;0.3;0.3;0.7;1.7;11
88;Justin Champagnie;SF;21;0;5;0;6.8;1;3;0.333;0.2;1;0.2;0.8;2;0.4;0.367;0;0;0;0.6;1;1.6;0.8;0.2;0;0;0.4;2.2
88;Justin Champagnie;SF;21;28;3;0;3.7;1;1;1;0;0;0;1;1;1;1;0;0;0;0.3;1;1.3;0.3;0;0;0;0.3;2
88;Justin Champagnie;SF;21;2;2;0;11.5;1;6;0.167;0.5;2.5;0.2;0.5;3.5;0.143;0.208;0;0;0;1;1;2;1.5;0.5;0;0;0.5;2.5
89;Kennedy Chandler;PG;20;15;36;0;7.8;1;2.3;0.422;0.1;0.4;0.133;0.9;1.9;0.485;0.434;0.2;0.4;0.462;0.3;0.8;1.1;1.6;0.3;0.1;0.5;0.4;2.2
90;Max Christie;SG;19;14;41;3;12.5;1.1;2.6;0.415;0.6;1.5;0.419;0.4;1.1;0.409;0.538;0.3;0.4;0.875;0.2;1.7;1.8;0.5;0.2;0.2;0.3;0.8;3.1
91;Josh Christopher;SG;21;11;64;2;12.3;2.4;5.1;0.465;0.3;1.4;0.236;2.1;3.8;0.55;0.497;0.7;0.9;0.75;0.3;0.8;1.1;1.1;0.5;0.2;0.9;0.9;5.8
92;Brandon Clarke;PF;26;15;56;8;19.5;4.1;6.2;0.656;0;0.1;0.167;4.1;6.1;0.665;0.658;1.8;2.4;0.723;1.6;3.9;5.5;1.3;0.6;0.7;1;2.3;10
93;Jordan Clarkson;SG;30;29;61;61;32.6;7.5;16.9;0.444;2.5;7.5;0.338;5;9.4;0.53;0.519;3.3;4;0.816;1.2;2.9;4;4.4;0.5;0.2;3;2;20.8
94;Nic Claxton;C;23;3;76;76;29.9;5.4;7.7;0.705;0;0;0;5.4;7.7;0.708;0.705;1.8;3.2;0.541;2.4;6.8;9.2;1.9;0.9;2.5;1.3;2.8;12.6
95;Amir Coffey;SG;25;13;50;9;12.5;1.1;2.9;0.386;0.2;0.8;0.275;0.9;2.1;0.429;0.424;1;1.3;0.778;0.3;0.7;1.1;1.1;0.1;0.1;0.4;1;3.4
96;John Collins;PF;25;1;71;71;30;5.1;10;0.508;1;3.4;0.292;4.1;6.6;0.619;0.557;2;2.5;0.803;1.1;5.4;6.5;1.2;0.6;1;1.1;3.1;13.1
97;Zach Collins;C;25;27;63;26;22.9;4.5;8.7;0.518;0.9;2.3;0.374;3.6;6.4;0.571;0.568;1.7;2.3;0.761;1.8;4.5;6.4;2.9;0.6;0.8;2;3.2;11.6
98;Chance Comanche;C;26;25;1;0;21;3;5;0.6;0;0;0;3;5;0.6;0.6;1;4;0.25;2;1;3;0;0;1;0;0;7
99;Mike Conley;PG;35;0;67;66;30.3;3.9;9.1;0.428;2;5.2;0.385;1.9;3.9;0.486;0.539;2.1;2.5;0.834;0.5;2.2;2.7;6.7;1.1;0.2;1.5;2.1;11.9
99;Mike Conley;PG;35;29;43;42;29.7;3.6;8.7;0.408;1.8;5;0.362;1.8;3.8;0.469;0.511;1.8;2.2;0.813;0.4;2.1;2.5;7.7;1;0.2;1.7;2.2;10.7
99;Mike Conley;PG;35;18;24;24;31.4;4.5;9.8;0.46;2.4;5.8;0.42;2.1;4;0.515;0.583;2.6;3;0.863;0.7;2.5;3.1;5;1.2;0.2;1.2;1.9;14
100;Pat Connaughton;SG;30;17;61;33;23.7;2.7;6.9;0.392;1.8;5.3;0.339;0.9;1.6;0.566;0.521;0.4;0.7;0.659;0.8;3.8;4.6;1.3;0.6;0.2;0.5;1.1;7.6
101;Xavier Cooks;PF;27;30;10;1;12.6;1.7;2.8;0.607;0;0.1;0;1.7;2.7;0.63;0.607;0.4;1;0.4;1.6;2.2;3.8;0.6;0.6;0.4;0.8;1.3;3.8
102;Robert Covington;PF;32;13;48;0;16.2;2.1;4.8;0.445;1.1;2.8;0.397;1;1.9;0.516;0.563;0.6;0.8;0.75;0.6;2.8;3.5;1.2;0.8;0.7;0.7;1.8;6
103;Torrey Craig;SF;32;24;79;60;24.7;2.9;6.3;0.456;1.3;3.2;0.395;1.6;3.1;0.518;0.556;0.4;0.6;0.711;1.8;3.6;5.4;1.5;0.6;0.8;0.9;2.3;7.4
104;Jae Crowder;SF;32;17;18;3;18.9;2.5;5.2;0.479;1.3;3.1;0.436;1.2;2.2;0.538;0.606;0.6;0.7;0.833;0.9;2.9;3.8;1.5;0.7;0.3;0.4;1.5;6.9
105;Jarrett Culver;SG;23;1;10;1;13.7;1.7;4.3;0.395;0.1;1.2;0.083;1.6;3.1;0.516;0.407;0.9;1.3;0.692;1;2.8;3.8;0.6;0.6;0.2;0.7;1.4;4.4
106;Cade Cunningham;PG;21;9;12;12;33.3;7.8;18.7;0.415;1.4;5.1;0.279;6.3;13.6;0.466;0.453;3;3.6;0.837;1;5.2;6.2;6;0.8;0.6;3.3;2.8;19.9
107;Seth Curry;SG;32;3;61;7;19.9;3.4;7.4;0.463;1.5;3.8;0.405;1.9;3.6;0.525;0.568;0.8;0.9;0.927;0.2;1.4;1.6;1.6;0.6;0.1;0.8;1.6;9.2
108;Stephen Curry;PG;34;10;56;56;34.7;10;20.2;0.493;4.9;11.4;0.427;5.1;8.8;0.579;0.614;4.6;5;0.915;0.7;5.4;6.1;6.3;0.9;0.4;3.2;2.1;29.4
109;Dyson Daniels;PG;19;19;59;11;17.7;1.5;3.5;0.418;0.5;1.5;0.314;1;2.1;0.492;0.483;0.4;0.7;0.65;0.6;2.6;3.2;2.3;0.7;0.2;1;1.7;3.8
110;Anthony Davis;C;29;14;56;54;34;9.7;17.2;0.563;0.3;1.3;0.257;9.3;15.9;0.589;0.573;6.2;7.9;0.784;3.5;9.1;12.5;2.6;1.1;2;2.2;2.6;25.9
111;Johnny Davis;SG;20;30;28;5;15.1;2.4;6.1;0.386;0.6;2.5;0.243;1.8;3.6;0.485;0.436;0.5;1;0.519;0.4;2;2.3;1;0.4;0.3;0.6;1.7;5.8
112;Terence Davis;SG;25;26;64;5;13.1;2.4;5.7;0.423;1.4;3.8;0.366;1;1.9;0.537;0.545;0.5;0.7;0.791;0.3;1.9;2.2;1;0.7;0.2;0.8;1.6;6.7
113;JD Davison;PG;20;2;12;0;5.5;0.7;1.6;0.421;0.2;0.6;0.286;0.5;1;0.5;0.474;0.1;0.2;0.5;0.2;0.6;0.8;0.9;0.2;0.2;0.3;0.4;1.6
114;Darius Days;PF;23;11;4;0;6.3;1.3;3;0.417;0.8;2.5;0.3;0.5;0.5;1;0.542;0.5;0.5;1;0.3;1.3;1.5;0.3;0;0.3;0;0.5;3.8
115;Dewayne Dedmon;C;33;0;38;1;11.2;2;4;0.51;0.3;1;0.308;1.7;2.9;0.58;0.55;0.9;1.3;0.673;0.9;2.6;3.5;0.7;0.2;0.5;0.7;2;5.2
115;Dewayne Dedmon;C;33;16;30;0;11.7;2.1;4.3;0.496;0.4;1.2;0.297;1.8;3.1;0.576;0.539;1.1;1.5;0.727;0.9;2.7;3.6;0.5;0.2;0.5;0.6;2;5.7
115;Dewayne Dedmon;C;33;23;8;1;9.5;1.6;2.8;0.591;0.1;0.3;0.5;1.5;2.5;0.6;0.614;0.1;0.6;0.2;0.8;2.4;3.1;1.3;0.3;0.6;0.8;1.8;3.5
116;Matthew Dellavedova;PG;32;26;32;0;6.7;0.5;1.6;0.34;0.3;0.8;0.333;0.3;0.7;0.348;0.43;0.1;0.2;0.571;0;0.4;0.4;1.3;0.2;0;0.3;0.6;1.5
117;DeMar DeRozan;SF;33;5;74;74;36.2;8.9;17.6;0.504;0.6;1.9;0.324;8.3;15.7;0.526;0.522;6.2;7.1;0.872;0.5;4.2;4.6;5.1;1.1;0.5;2.1;2.5;24.5
118;Moussa Diabat�;PF;21;13;22;1;8.9;1.1;2.1;0.511;0;0.1;0.5;1;2;0.511;0.521;0.5;0.7;0.625;1.4;0.9;2.3;0.2;0.3;0.4;0.4;0.7;2.7
119;Mamadi Diakite;PF;26;6;22;2;8;1.1;2.3;0.48;0.3;1;0.333;0.8;1.3;0.586;0.55;0.1;0.1;1;0.4;1;1.4;0.4;0.2;0.4;0.5;1.2;2.6
120;Hamidou Diallo;SG;24;9;56;0;17.8;3.8;6.7;0.573;0.1;0.4;0.238;3.8;6.3;0.593;0.58;1.6;2.6;0.588;1;2.4;3.5;1;0.9;0.3;1.3;2.2;9.3
121;Gorgui Dieng;C;33;27;31;1;11.5;1.5;3.8;0.385;0.7;2.4;0.28;0.8;1.4;0.571;0.474;0.3;0.4;0.769;0.9;2.6;3.5;1.7;0.1;0.5;1;1.8;3.9
122;Ousmane Dieng;SF;19;21;39;1;14.6;1.9;4.6;0.42;0.7;2.5;0.265;1.3;2.1;0.602;0.492;0.4;0.6;0.652;0.5;2.2;2.7;1.2;0.4;0.2;0.7;1.1;4.9
123;Spencer Dinwiddie;PG;29;0;79;79;34.5;5.8;13.3;0.438;2.3;6.2;0.369;3.5;7.1;0.498;0.524;3.4;4.2;0.812;0.4;3.1;3.4;6.5;0.8;0.3;1.8;2.4;17.3
123;Spencer Dinwiddie;PG;29;7;53;53;34.1;6;13.1;0.455;2.6;6.4;0.405;3.4;6.7;0.504;0.555;3.2;3.9;0.821;0.4;2.7;3.1;5.3;0.7;0.3;1.7;2.3;17.7
123;Spencer Dinwiddie;PG;29;3;26;26;35.3;5.5;13.7;0.404;1.7;5.7;0.289;3.9;8;0.488;0.465;3.8;4.7;0.797;0.3;3.8;4.1;9.1;1.1;0.3;2.1;2.4;16.5
124;Donte DiVincenzo;SG;26;10;72;36;26.3;3.3;7.5;0.435;2.1;5.3;0.397;1.2;2.3;0.525;0.574;0.8;1;0.817;1.1;3.4;4.5;3.5;1.3;0.1;1.6;1.8;9.4
125;Luka Don?i?;PG;23;7;66;66;36.2;10.9;22;0.496;2.8;8.2;0.342;8.1;13.8;0.588;0.56;7.8;10.5;0.742;0.8;7.8;8.6;8;1.4;0.5;3.6;2.5;32.4
126;Tyler Dorsey;SG;26;7;3;0;2.7;1.3;1.7;0.8;0.3;0.7;0.5;1;1;1;0.9;0;0;0;0.3;0.3;0.7;0;0;0;0;0;3
127;Luguentz Dort;SG;23;21;74;73;30.7;4.6;11.8;0.388;1.8;5.5;0.33;2.8;6.3;0.44;0.466;2.7;3.5;0.772;1.7;2.9;4.6;2.1;1;0.3;1.2;3.3;13.7
128;Ayo Dosunmu;SG;23;5;80;51;26.2;3.5;7.1;0.493;0.7;2.4;0.312;2.8;4.8;0.583;0.545;0.8;1;0.805;0.6;2.2;2.8;2.6;0.8;0.3;1.2;2.3;8.6
129;Devon Dotson;PG;23;30;6;0;8.8;0.2;1.7;0.1;0.2;0.7;0.25;0;1;0;0.15;0;0;0;1;0.7;1.7;1.3;0.8;0;0.5;1.5;0.5
130;Jeff Dowtin;PG;25;28;25;0;10.4;1;2.3;0.439;0.2;0.6;0.313;0.8;1.6;0.488;0.482;0.2;0.4;0.667;0.2;0.7;0.9;1.2;0.4;0.1;0.2;0.5;2.4
131;PJ Dozier;SG;26;26;16;0;4.9;0.6;2.1;0.303;0.1;1;0.125;0.5;1.1;0.471;0.333;0;0;0;0.1;0.8;0.9;0.6;0.4;0.1;0.3;0.4;1.4
132;Goran Dragi?;PG;36;0;58;0;15;2.4;5.8;0.421;0.9;2.5;0.359;1.5;3.3;0.468;0.499;0.5;0.8;0.689;0.3;1.1;1.4;2.6;0.2;0.1;1.1;1.1;6.3
132;Goran Dragi?;PG;36;5;51;0;15.4;2.5;5.9;0.425;0.9;2.5;0.352;1.6;3.4;0.48;0.5;0.5;0.8;0.659;0.3;1.1;1.4;2.7;0.2;0.1;1.1;1.2;6.4
132;Goran Dragi?;PG;36;17;7;0;11.9;2;5.1;0.389;1;2.4;0.412;1;2.7;0.368;0.486;0.6;0.6;1;0.4;1.3;1.7;1.7;0.3;0;1;0.3;5.6
133;Andre Drummond;C;29;5;67;0;12.7;2.5;4.1;0.606;0;0;0;2.5;4;0.613;0.606;1;1.9;0.536;2.1;4.6;6.6;0.5;0.7;0.4;1.1;1.7;6
134;Chris Duarte;SF;25;12;46;12;19.5;2.7;7.2;0.369;1.2;3.8;0.316;1.5;3.5;0.428;0.452;1.3;1.6;0.847;0.4;2.1;2.5;1.4;0.5;0.2;0.9;1.4;7.9
135;David Duke Jr.;SG;23;3;23;0;9.9;1.6;3.4;0.462;0;0.5;0.083;1.5;2.9;0.53;0.468;0.5;0.7;0.706;0.5;0.8;1.3;0.9;0.4;0;0.8;1.3;3.7
136;Kris Dunn;PG;28;29;22;3;25.8;5.3;9.8;0.537;0.8;1.6;0.472;4.5;8.2;0.55;0.576;1.9;2.4;0.774;0.4;4.1;4.5;5.6;1.1;0.5;1.6;2.6;13.2
137;Kevin Durant;PF-SF;34;0;47;47;35.6;10.3;18.3;0.56;2;4.9;0.404;8.3;13.4;0.617;0.614;6.5;7.1;0.919;0.4;6.3;6.7;5;0.7;1.4;3.3;2.1;29.1
137;Kevin Durant;PF;34;3;39;39;36;10.5;18.8;0.559;1.8;4.8;0.376;8.7;14;0.622;0.607;6.8;7.3;0.934;0.4;6.4;6.7;5.3;0.8;1.5;3.5;2.4;29.7
137;Kevin Durant;SF;34;24;8;8;33.6;9.1;16;0.57;2.8;5.1;0.537;6.4;10.9;0.586;0.656;5;6;0.833;0.4;6;6.4;3.5;0.3;1.3;2.5;0.9;26
138;Jalen Duren;C;19;9;67;31;24.9;3.9;5.9;0.648;0;0;0;3.9;5.9;0.652;0.648;1.4;2.3;0.611;3.4;5.5;8.9;1.1;0.7;0.9;1.4;2.7;9.1
139;Tari Eason;PF;21;11;82;5;21.5;3.6;8;0.448;0.7;2.1;0.343;2.9;6;0.486;0.493;1.3;1.8;0.752;2.4;3.7;6;1.1;1.2;0.6;1.2;2.3;9.3
140;Anthony Edwards;SG;21;18;79;79;36;8.9;19.5;0.459;2.7;7.3;0.369;6.3;12.2;0.513;0.528;4;5.3;0.756;0.6;5.2;5.8;4.4;1.6;0.7;3.3;2.4;24.6
141;Kessler Edwards;SF;22;0;36;4;10.7;1;2.6;0.387;0.5;1.5;0.309;0.5;1.1;0.5;0.478;0.3;0.4;0.733;0.6;1.1;1.7;0.6;0.4;0.2;0.4;1.1;2.8
141;Kessler Edwards;SF;22;3;14;1;5.6;0.4;1.7;0.25;0.1;0.9;0.167;0.3;0.9;0.333;0.292;0.1;0.1;0.5;0.4;0.6;1;0.1;0.2;0.1;0.3;0.2;1.1
141;Kessler Edwards;SF;22;26;22;3;13.9;1.4;3.1;0.435;0.7;2;0.349;0.7;1.2;0.577;0.543;0.5;0.6;0.769;0.8;1.4;2.1;1;0.5;0.2;0.4;1.7;3.9
142;Keon Ellis;SG;23;26;16;0;4.4;0.4;1;0.438;0.4;0.8;0.5;0.1;0.3;0.25;0.625;0.3;0.4;0.571;0.3;0.3;0.5;0.4;0.3;0.1;0.1;0.6;1.5
143;Joel Embiid;C;28;23;66;66;34.6;11;20.1;0.548;1;3;0.33;10;17.1;0.587;0.573;10;11.7;0.857;1.7;8.4;10.2;4.2;1;1.7;3.4;3.1;33.1
144;Drew Eubanks;C;25;25;78;28;20.3;2.7;4.3;0.641;0.1;0.2;0.389;2.7;4.1;0.655;0.651;1.1;1.6;0.664;1.7;3.7;5.4;1.3;0.5;1.3;0.9;2.2;6.6
145;Bruno Fernando;C;24;0;39;4;10.4;1.5;2.9;0.527;0;0.1;0;1.5;2.8;0.546;0.527;0.9;1.3;0.7;1.4;2.1;3.5;0.8;0.2;0.9;0.6;1.9;3.9
145;Bruno Fernando;C;24;11;31;4;11.7;1.5;3;0.516;0;0;0;1.5;3;0.522;0.516;1;1.4;0.682;1.5;2.4;3.9;1;0.2;1;0.6;2.2;4.1
145;Bruno Fernando;C;24;1;8;0;5.1;1.4;2.4;0.579;0;0.4;0;1.4;2;0.688;0.579;0.6;0.8;0.833;0.8;1.1;1.9;0.1;0;0.4;0.6;0.8;3.4
146;Dorian Finney-Smith;PF;29;0;66;66;30.4;3;7.6;0.391;1.7;5.1;0.337;1.2;2.5;0.503;0.505;0.7;0.9;0.763;1.7;3.1;4.8;1.5;0.8;0.5;0.9;2.2;8.3
146;Dorian Finney-Smith;PF;29;7;40;40;32.2;3.2;7.8;0.416;1.9;5.4;0.355;1.3;2.3;0.559;0.54;0.8;1;0.75;1.7;3;4.7;1.5;1;0.5;0.9;2;9.1
146;Dorian Finney-Smith;PF;29;3;26;26;27.7;2.6;7.3;0.351;1.4;4.7;0.306;1.2;2.7;0.429;0.448;0.6;0.7;0.789;1.8;3.1;4.9;1.6;0.7;0.6;1;2.5;7.2
147;Malachi Flynn;PG;24;28;53;2;13;1.6;4.6;0.36;0.9;2.5;0.353;0.8;2.1;0.367;0.457;0.5;0.6;0.758;0.3;1.2;1.4;1.3;0.4;0.1;0.5;1.2;4.6
148;Simone Fontecchio;SF;27;29;52;6;14.7;2.2;6;0.369;1.2;3.7;0.33;1;2.3;0.43;0.47;0.7;0.8;0.795;0.6;1.1;1.7;0.8;0.3;0.2;0.8;1.2;6.3
149;Bryn Forbes;SG;29;18;25;0;10.7;1.2;3.3;0.361;0.6;1.8;0.304;0.6;1.5;0.432;0.446;0.6;0.6;1;0.2;0.4;0.6;0.7;0.3;0.1;0.5;0.9;3.6
150;Trent Forrest;PG;24;1;23;3;12;1.1;2.6;0.417;0;0.1;0;1.1;2.5;0.431;0.417;0.1;0.1;0.667;0.2;1.4;1.6;1.7;0.3;0.1;0.7;0.7;2.3
151;Michael Foster Jr.;PF;20;23;1;0;1;0;0;0;0;0;0;0;0;0;0;0;0;0;0;0;0;0;0;0;0;0;0
152;Evan Fournier;SG;30;20;27;7;17;2.1;6.1;0.337;1.3;4.2;0.307;0.8;1.9;0.404;0.443;0.7;0.8;0.857;0.1;1.7;1.8;1.3;0.6;0.1;0.8;1.7;6.1
153;De'Aaron Fox;PG;25;26;73;73;33.4;9.3;18.2;0.512;1.6;5;0.324;7.7;13.2;0.584;0.557;4.7;6;0.78;0.5;3.6;4.2;6.1;1.1;0.3;2.5;2.4;25
154;Markelle Fultz;PG;24;22;60;60;29.6;5.8;11.3;0.514;0.5;1.5;0.31;5.4;9.9;0.544;0.534;1.9;2.4;0.783;1.2;2.8;3.9;5.7;1.5;0.4;2.3;2.2;14
155;Wenyen Gabriel;PF;25;14;68;2;15.1;2.3;3.8;0.596;0.1;0.5;0.278;2.1;3.3;0.647;0.615;0.8;1.2;0.619;1.7;2.5;4.2;0.5;0.4;0.5;0.7;2.1;5.5
156;Daniel Gafford;C;24;30;78;47;20.6;3.7;5.1;0.732;0;0;0;3.7;5.1;0.732;0.732;1.6;2.4;0.679;2.1;3.5;5.6;1.1;0.4;1.3;1.1;2.4;9
157;Darius Garland;PG;23;6;69;69;35.5;7.6;16.4;0.462;2.4;6;0.41;5.1;10.4;0.492;0.537;4;4.7;0.863;0.4;2.3;2.7;7.8;1.2;0.1;2.9;2.1;21.6
158;Usman Garuba;PF;20;11;75;1;12.9;1.1;2.4;0.486;0.3;0.8;0.407;0.8;1.6;0.525;0.554;0.4;0.6;0.617;1.6;2.5;4.1;0.9;0.6;0.4;0.6;1.8;3
159;Luka Garza;C;24;18;28;0;8.7;2.3;4.1;0.543;0.5;1.4;0.359;1.8;2.8;0.636;0.603;1.5;1.9;0.788;1.2;1.1;2.3;0.6;0.1;0.1;0.5;1.5;6.5
160;Rudy Gay;PF;36;29;56;0;14.6;1.9;5.1;0.38;0.6;2.3;0.254;1.4;2.8;0.484;0.437;0.8;0.9;0.857;0.6;2.3;2.9;1;0.3;0.3;0.7;1.2;5.2
161;Paul George;SG;32;13;56;56;34.6;8.2;17.9;0.457;2.8;7.6;0.371;5.4;10.3;0.521;0.536;4.6;5.3;0.871;0.8;5.3;6.1;5.1;1.5;0.4;3.1;2.8;23.8
162;Taj Gibson;C;37;30;49;2;9.8;1.3;2.6;0.52;0.2;0.5;0.333;1.2;2.1;0.564;0.552;0.6;0.9;0.714;0.7;1.2;1.9;0.7;0.3;0.2;0.5;1.7;3.4
163;Josh Giddey;SG;20;21;76;76;31.1;7.1;14.7;0.482;1;3.1;0.325;6.1;11.6;0.524;0.516;1.4;1.9;0.731;1.9;5.9;7.9;6.2;0.8;0.4;2.8;1.9;16.6
164;Shai Gilgeous-Alexander;PG;24;21;68;68;35.5;10.4;20.3;0.51;0.9;2.5;0.345;9.5;17.8;0.533;0.531;9.8;10.9;0.905;0.9;4;4.8;5.5;1.6;1;2.8;2.8;31.4
165;Anthony Gill;PF;30;30;59;8;10.6;1.2;2.2;0.538;0.1;0.5;0.138;1.1;1.7;0.65;0.553;0.8;1.1;0.731;0.6;1.1;1.7;0.6;0.1;0.2;0.3;1.2;3.3
166;Jacob Gilyard;PG;24;15;1;0;41;1;3;0.333;1;3;0.333;0;0;0;0.5;0;0;0;0;4;4;7;3;0;2;3;3
167;Rudy Gobert;C;30;18;70;70;30.7;5.1;7.8;0.659;0;0;0;5.1;7.8;0.663;0.659;3.1;4.9;0.644;3.3;8.3;11.6;1.2;0.8;1.4;1.7;3;13.4
168;Jordan Goodwin;PG;24;30;62;7;17.8;2.5;5.7;0.448;0.6;1.9;0.322;1.9;3.8;0.511;0.501;0.9;1.1;0.768;0.9;2.4;3.3;2.7;0.9;0.4;0.9;1.5;6.6
169;Aaron Gordon;PF;27;8;68;68;30.2;6.3;11.2;0.564;0.9;2.5;0.347;5.4;8.6;0.628;0.603;2.8;4.6;0.608;2.4;4.1;6.6;3;0.8;0.8;1.4;1.9;16.3
170;Eric Gordon;SG;34;0;69;58;28.5;4.2;9.5;0.446;1.9;5.2;0.371;2.3;4.3;0.535;0.547;2.1;2.5;0.821;0.2;1.7;1.9;2.7;0.6;0.4;1.5;1.1;12.4
170;Eric Gordon;SG;34;11;47;47;30.2;4.5;10.2;0.439;1.8;5.2;0.347;2.7;5;0.536;0.528;2.3;2.9;0.815;0.3;1.8;2.1;2.9;0.6;0.4;1.8;1;13.1
170;Eric Gordon;SG;34;13;22;11;24.9;3.7;8;0.463;2.1;5;0.423;1.5;2.9;0.531;0.597;1.5;1.7;0.842;0.2;1.5;1.7;2.1;0.6;0.4;1;1.5;11
171;Devonte' Graham;PG;27;0;73;8;18.3;2.2;5.9;0.374;1.6;4.6;0.352;0.6;1.3;0.452;0.512;1.3;1.8;0.748;0.3;1.4;1.7;2.7;0.6;0.2;0.7;1.1;7.4
171;Devonte' Graham;PG;27;19;53;0;15.3;1.6;4.4;0.368;1.2;3.6;0.347;0.4;0.8;0.463;0.511;0.8;1.1;0.746;0.2;1.1;1.4;2.2;0.6;0.2;0.5;0.9;5.3
171;Devonte' Graham;PG;27;27;20;8;26.4;3.8;10;0.38;2.7;7.4;0.358;1.2;2.6;0.442;0.513;2.7;3.6;0.75;0.4;2.2;2.5;4;0.8;0.3;1.3;1.6;13
172;Jerami Grant;PF;28;25;63;63;35.7;6.9;14.5;0.475;2.3;5.7;0.401;4.6;8.8;0.523;0.554;4.4;5.4;0.813;0.8;3.7;4.5;2.4;0.8;0.8;1.8;2.4;20.5
173;RaiQuan Gray;PF;23;3;1;0;35;6;12;0.5;2;5;0.4;4;7;0.571;0.583;2;2;1;3;6;9;7;0;1;4;5;16
174;A.J. Green;SG;23;17;35;1;9.9;1.5;3.6;0.424;1.3;3;0.419;0.3;0.6;0.45;0.6;0.1;0.1;1;0.2;1.1;1.3;0.6;0.2;0;0.3;0.9;4.4
175;Danny Green;SG;35;0;11;0;12.5;2;4.5;0.449;1.5;3.4;0.432;0.5;1.1;0.5;0.612;0.1;0.1;1;0.3;1;1.3;0.5;0.5;0.3;0.9;1.5;5.5
175;Danny Green;SG;35;15;3;0;14.3;1;3.7;0.273;1;2.7;0.375;0;1;0;0.409;0;0;0;0.3;1;1.3;0.7;0.3;0;1;2;3
175;Danny Green;SG;35;6;8;0;11.9;2.4;4.8;0.5;1.6;3.6;0.448;0.8;1.1;0.667;0.671;0.1;0.1;1;0.3;1;1.3;0.5;0.6;0.4;0.9;1.3;6.5
176;Draymond Green;PF;32;10;73;73;31.5;3.4;6.5;0.527;0.5;1.8;0.305;2.9;4.7;0.612;0.57;1.1;1.5;0.713;0.9;6.3;7.2;6.8;1;0.8;2.8;3.1;8.5
177;Jalen Green;SG;20;11;76;76;34.2;7.4;17.9;0.416;2.5;7.3;0.338;5;10.6;0.471;0.485;4.8;6.1;0.786;0.6;3.2;3.7;3.7;0.8;0.2;2.6;1.7;22.1
178;JaMychal Green;PF;32;10;57;1;14;2.4;4.4;0.54;0.7;1.9;0.378;1.6;2.5;0.667;0.623;0.9;1.2;0.776;1.3;2.3;3.6;0.9;0.4;0.4;0.9;1.8;6.4
179;Javonte Green;SG;29;5;32;1;15;1.9;3.4;0.565;0.4;1.1;0.371;1.5;2.3;0.658;0.625;0.9;1.4;0.667;0.8;1.9;2.8;0.7;0.8;0.7;0.6;1.6;5.2
180;Jeff Green;PF;36;8;56;4;19.5;2.9;5.9;0.488;0.5;1.9;0.288;2.3;4;0.58;0.534;1.6;2.1;0.744;0.7;1.9;2.6;1.2;0.3;0.3;0.8;1.8;7.8
181;Josh Green;SG;22;7;60;21;25.7;3.4;6.4;0.537;1.1;2.8;0.402;2.3;3.6;0.643;0.626;1.1;1.6;0.723;0.9;2.1;3;1.7;0.7;0.1;1.2;2.6;9.1
182;AJ Griffin;SF;19;1;72;12;19.5;3.4;7.4;0.465;1.4;3.6;0.39;2;3.8;0.536;0.56;0.6;0.7;0.894;0.5;1.6;2.1;1;0.6;0.2;0.6;1.2;8.9
183;Blake Griffin;C;33;2;41;16;13.9;1.5;3.2;0.485;0.6;1.6;0.348;1;1.6;0.625;0.573;0.5;0.8;0.656;1.1;2.6;3.8;1.5;0.3;0.2;0.5;1.8;4.1
184;Quentin Grimes;SG;22;20;71;66;29.9;4;8.5;0.468;2.2;5.7;0.386;1.8;2.7;0.641;0.599;1.1;1.4;0.796;0.7;2.5;3.2;2.1;0.7;0.4;1;2.5;11.3
185;Rui Hachimura;PF;24;0;63;9;23.3;4.5;9.3;0.486;0.8;2.5;0.319;3.7;6.7;0.55;0.53;1.4;1.9;0.739;0.8;3.7;4.5;0.9;0.3;0.4;0.8;1.1;11.2
185;Rui Hachimura;PF;24;30;30;0;24.3;5.3;10.8;0.488;1;3;0.337;4.3;7.8;0.545;0.534;1.5;1.9;0.759;0.6;3.6;4.3;1.2;0.4;0.4;1.2;1.3;13
185;Rui Hachimura;PF;24;14;33;9;22.4;3.8;7.9;0.485;0.6;2.2;0.296;3.2;5.7;0.556;0.525;1.3;1.8;0.721;1;3.7;4.7;0.7;0.2;0.4;0.5;1;9.6
186;Tyrese Haliburton;PG;22;12;56;56;33.6;7.4;15;0.49;2.9;7.2;0.4;4.5;7.8;0.572;0.586;3.1;3.6;0.871;0.6;3.1;3.7;10.4;1.6;0.4;2.5;1.2;20.7
187;Jordan Hall;SF;21;27;9;0;9.2;1;3.1;0.321;0.3;1.7;0.2;0.7;1.4;0.462;0.375;0.8;1;0.778;0.3;1;1.3;1.2;0.1;0;0.8;0.7;3.1
188;R.J. Hampton;PG;21;0;47;3;16;2.2;5;0.43;0.9;2.5;0.353;1.3;2.6;0.504;0.517;1.2;1.6;0.75;0.4;1.5;1.9;1.1;0.6;0.2;0.9;1.1;6.4
188;R.J. Hampton;PG;21;22;26;0;13.9;1.9;4.4;0.439;0.7;2;0.34;1.2;2.3;0.525;0.518;1.2;1.4;0.838;0.3;1.2;1.5;1.3;0.6;0.2;0.8;0.8;5.7
188;R.J. Hampton;PG;21;9;21;3;18.5;2.5;5.9;0.423;1.1;3;0.365;1.4;2.9;0.483;0.516;1.2;1.9;0.667;0.4;1.9;2.3;1;0.5;0.2;1;1.4;7.3
189;Tim Hardaway Jr.;SG;30;7;71;45;30.3;4.8;11.9;0.401;3;7.7;0.385;1.8;4.2;0.431;0.527;1.8;2.3;0.77;0.3;3.2;3.5;1.8;0.7;0.2;0.8;1.7;14.4
190;James Harden;PG;33;23;58;58;36.8;6.4;14.5;0.441;2.8;7.2;0.385;3.6;7.3;0.495;0.536;5.4;6.2;0.867;0.7;5.4;6.1;10.7;1.2;0.5;3.4;1.9;21
191;Jaden Hardy;SG;20;7;48;5;14.8;3;6.9;0.438;1.3;3.3;0.404;1.7;3.7;0.469;0.533;1.4;1.6;0.823;0.2;1.6;1.9;1.4;0.4;0.1;1;1.3;8.8
192;Ron Harper Jr.;SF;22;28;9;0;5.3;0.9;1.8;0.5;0.3;1;0.333;0.6;0.8;0.714;0.594;0.1;0.1;1;0.3;0.4;0.8;0.4;0;0.1;0;0.3;2.2
193;Montrezl Harrell;C;29;23;57;7;11.9;2.2;3.7;0.598;0;0.1;0;2.2;3.6;0.616;0.598;1.2;1.8;0.693;1.2;1.6;2.8;0.6;0.3;0.4;0.6;1.3;5.6
194;Gary Harris;SG;28;22;48;42;24.7;2.9;6.4;0.45;2;4.5;0.431;0.9;1.9;0.494;0.603;0.6;0.6;0.9;0.4;1.6;2;1.2;0.9;0.3;0.6;1.9;8.3
195;Joe Harris;SG;31;3;74;33;20.6;2.7;5.9;0.457;1.9;4.5;0.426;0.8;1.4;0.551;0.618;0.2;0.4;0.643;0.3;1.9;2.2;1.4;0.5;0.2;0.6;1.9;7.6
196;Kevon Harris;SG;25;22;34;0;13.4;1.4;3.1;0.439;0.5;1.3;0.372;0.9;1.9;0.484;0.514;0.9;1.2;0.756;0.8;1.2;2.1;0.5;0.5;0.1;0.6;1.6;4.1
197;Tobias Harris;PF;30;23;74;74;32.9;5.7;11.4;0.501;1.7;4.4;0.389;4;7;0.57;0.575;1.5;1.7;0.876;0.9;4.8;5.7;2.5;0.9;0.5;1.2;2;14.7
198;Shaquille Harrison;SG;29;25;5;0;24;3;7.2;0.417;0.6;2;0.3;2.4;5.2;0.462;0.458;2.2;3;0.733;0.2;4.2;4.4;6;2.2;0.4;1.2;2.4;8.8
199;Josh Hart;SF-SG;27;0;76;52;32.3;3.6;6.8;0.529;0.8;2.2;0.372;2.8;4.7;0.601;0.588;1.7;2.3;0.75;1.9;5.9;7.8;3.8;1.2;0.3;1.5;2.6;9.8
199;Josh Hart;SF;27;25;51;51;33.4;3.6;7.1;0.504;0.7;2.2;0.304;2.9;4.9;0.594;0.551;1.7;2.3;0.731;1.9;6.3;8.2;3.9;1.1;0.2;1.5;2.6;9.5
199;Josh Hart;SG;27;20;25;1;30;3.7;6.3;0.586;1.1;2.1;0.519;2.6;4.2;0.619;0.672;1.8;2.3;0.789;1.9;5.2;7;3.6;1.4;0.5;1.5;2.5;10.2
200;Isaiah Hartenstein;C;24;20;82;8;19.8;2.1;4;0.535;0.1;0.5;0.216;2;3.5;0.576;0.547;0.6;0.9;0.676;2.5;4;6.5;1.2;0.6;0.8;0.8;2.6;5
201;Udonis Haslem;C;42;16;7;1;10.1;1.4;4.1;0.345;0.4;1.3;0.333;1;2.9;0.35;0.397;0.6;0.7;0.8;0.6;1;1.6;0;0.1;0.3;0.1;1.6;3.9
202;Sam Hauser;PF;25;2;80;8;16.1;2.3;5;0.455;1.8;4.2;0.418;0.5;0.8;0.656;0.631;0.2;0.2;0.706;0.4;2.1;2.6;0.9;0.4;0.3;0.4;1.2;6.4
203;Jaxson Hayes;C;22;19;47;2;13;1.8;3.3;0.551;0.1;0.6;0.103;1.8;2.7;0.654;0.561;1.2;1.8;0.699;0.8;2;2.8;0.7;0.4;0.4;0.7;1.4;5
204;Killian Hayes;PG;21;9;76;56;28.3;4;10.7;0.377;1.1;3.8;0.28;3;7;0.429;0.426;1.2;1.5;0.821;0.4;2.5;2.9;6.2;1.4;0.4;2.3;2.9;10.3
205;Gordon Hayward;SF;32;4;50;50;31.5;5.5;11.6;0.475;1;3.2;0.325;4.5;8.4;0.532;0.52;2.6;3.2;0.811;0.7;3.6;4.3;4.1;0.8;0.2;2;1.4;14.7
206;Juancho Hernang�mez;PF;27;28;42;10;14.6;1.1;2.7;0.421;0.4;1.6;0.254;0.7;1.1;0.66;0.496;0.2;0.4;0.563;0.6;2.3;2.9;0.6;0.4;0.1;0.4;1;2.9
207;Willy Hernang�mez;C;28;19;38;2;12.1;2.3;4.4;0.527;0.1;0.3;0.273;2.3;4.2;0.544;0.536;2.1;2.7;0.779;1.5;3.2;4.7;0.9;0.4;0.3;1;1.7;6.9
208;Tyler Herro;SG;23;16;67;67;34.9;7.3;16.6;0.439;3;8;0.378;4.2;8.5;0.497;0.531;2.5;2.7;0.934;0.4;5;5.4;4.2;0.8;0.2;2.4;1.5;20.1
209;Buddy Hield;SF;30;12;80;73;31;5.9;13;0.458;3.6;8.5;0.425;2.3;4.5;0.518;0.596;1.3;1.6;0.822;0.8;4.2;5;2.8;1.2;0.3;1.7;2;16.8
210;Haywood Highsmith;SF;26;16;54;11;17.9;1.7;4;0.431;0.7;2;0.339;1;2;0.523;0.516;0.2;0.5;0.464;1.1;2.4;3.5;0.8;0.7;0.3;0.8;1.5;4.4
211;George Hill;PG;36;0;46;1;18.1;1.7;3.6;0.47;0.7;2.1;0.358;1;1.5;0.62;0.572;0.9;1.2;0.764;0.3;1.5;1.8;2.4;0.6;0.1;0.7;1.2;5
211;George Hill;PG;36;17;35;0;19.1;1.7;3.8;0.447;0.7;2.1;0.311;1;1.7;0.621;0.534;1;1.3;0.739;0.4;1.5;1.9;2.5;0.5;0.1;0.8;1.2;5
211;George Hill;PG;36;12;11;1;15.1;1.7;3.1;0.559;1;1.9;0.524;0.7;1.2;0.615;0.721;0.7;0.8;0.889;0.2;1.5;1.6;1.9;0.6;0.3;0.6;1.3;5.2
212;Malcolm Hill;SF;27;5;5;0;1.8;0.4;0.8;0.5;0.2;0.6;0.333;0.2;0.2;1;0.625;0;0;0;0;0.6;0.6;0;0;0;0;0.2;1
213;Aaron Holiday;PG;26;1;63;6;13.4;1.5;3.5;0.418;0.6;1.4;0.409;0.9;2.1;0.424;0.5;0.4;0.5;0.844;0.4;0.8;1.2;1.4;0.6;0.2;0.6;1.3;3.9
214;Jrue Holiday;PG;32;17;67;65;32.6;7.3;15.3;0.479;2.4;6.1;0.384;5;9.1;0.542;0.556;2.3;2.6;0.859;1.2;3.9;5.1;7.4;1.2;0.4;2.9;1.7;19.3
215;Justin Holiday;SG;33;0;46;2;15.3;1.7;4.4;0.377;1;3.1;0.322;0.7;1.3;0.508;0.49;0.1;0.2;0.625;0.1;1.1;1.2;0.9;0.4;0.4;0.5;1.5;4.5
215;Justin Holiday;SG;33;1;28;0;14.7;1.7;4.5;0.384;1.1;3.1;0.345;0.6;1.4;0.474;0.504;0;0;0;0.1;0.8;0.8;0.9;0.2;0.4;0.4;1.3;4.5
215;Justin Holiday;SG;33;7;18;2;16.4;1.6;4.4;0.367;0.9;3.1;0.286;0.7;1.3;0.565;0.468;0.3;0.4;0.625;0.2;1.6;1.8;0.9;0.8;0.5;0.6;1.7;4.4
216;Richaun Holmes;C;29;26;42;1;8.3;1.3;2.1;0.618;0.1;0.2;0.625;1.2;1.9;0.617;0.646;0.4;0.5;0.789;0.7;1.2;1.9;0.2;0.1;0.3;0.3;1.2;3.1
217;Al Horford;C;36;2;63;63;30.5;3.6;7.6;0.476;2.3;5.2;0.446;1.3;2.4;0.539;0.627;0.2;0.3;0.714;1.2;5;6.2;3;0.5;1;0.6;1.9;9.8
218;Talen Horton-Tucker;SG;22;29;65;20;20.2;4;9.4;0.419;0.9;3.1;0.286;3.1;6.3;0.485;0.467;1.9;2.6;0.75;0.6;2.6;3.2;3.8;0.6;0.4;1.9;1.7;10.7
219;Danuel House Jr.;SF;29;23;56;5;14.4;1.7;3.5;0.472;0.7;2;0.336;1;1.6;0.644;0.566;0.8;1.1;0.75;0.2;1.5;1.7;0.8;0.3;0.2;0.5;1.2;4.8
220;Caleb Houstan;SF;20;22;51;4;15.9;1.3;3.6;0.363;0.9;2.7;0.338;0.4;0.9;0.435;0.489;0.3;0.4;0.833;0.7;1.3;1.9;0.6;0.2;0.1;0.4;1.2;3.8
221;Trevor Hudgins;PG;23;11;5;0;5.6;0.4;1.8;0.222;0.4;1.6;0.25;0;0.2;0;0.333;0.6;0.6;1;0;0;0;0.6;0;0;0.2;0.2;1.8
222;Kevin Huerter;SG;24;26;75;75;29.4;5.6;11.5;0.485;2.7;6.8;0.402;2.9;4.7;0.604;0.603;1.3;1.7;0.725;0.6;2.8;3.3;2.9;1.1;0.3;1.3;2.4;15.2
223;Jay Huff;C;24;30;7;0;13.6;2.1;3.6;0.6;0.9;1.7;0.5;1.3;1.9;0.692;0.72;2.1;2.3;0.938;0.9;2.1;3;1.4;0.4;0.6;0.7;2.1;7.3
224;De'Andre Hunter;SF;25;1;67;67;31.7;5.7;12.3;0.461;1.5;4.3;0.35;4.2;8;0.521;0.522;2.6;3.1;0.826;0.7;3.6;4.2;1.4;0.5;0.3;1.2;3;15.4
225;Bones Hyland;PG;22;0;56;1;19.4;4.1;10.2;0.399;2.1;5.6;0.371;2;4.6;0.434;0.502;1.5;1.8;0.843;0.4;2.1;2.4;3.1;0.7;0.3;1.5;1.7;11.8
225;Bones Hyland;PG;22;8;42;1;19.5;4.1;10.3;0.399;2.2;5.7;0.378;2;4.6;0.425;0.503;1.7;2;0.866;0.2;1.8;2;3;0.7;0.3;1.6;1.6;12.1
225;Bones Hyland;PG;22;13;14;0;18.9;3.9;9.8;0.401;1.9;5.3;0.351;2.1;4.5;0.46;0.496;1.1;1.4;0.75;0.7;2.8;3.5;3.4;0.8;0.1;1.1;2.1;10.8
226;Serge Ibaka;C;33;17;16;0;11.6;1.6;3.4;0.481;0.4;1.1;0.333;1.3;2.3;0.556;0.537;0.5;0.8;0.615;0.9;1.8;2.8;0.3;0.1;0.4;0.7;1.4;4.1
227;Andre Iguodala;SF;39;10;8;0;14.1;0.9;1.9;0.467;0.1;1.1;0.111;0.8;0.8;1;0.5;0.3;0.4;0.667;0.4;1.8;2.1;2.4;0.5;0.4;1.1;1.4;2.1
228;Joe Ingles;SF;35;17;46;0;22.7;2.3;5.4;0.435;1.8;4.4;0.409;0.5;1;0.556;0.603;0.4;0.5;0.857;0.3;2.5;2.8;3.3;0.7;0.1;1.2;1.6;6.9
229;Brandon Ingram;SF;25;19;45;45;34.2;9;18.6;0.484;1.4;3.6;0.39;7.6;14.9;0.507;0.522;5.3;6;0.882;0.5;5;5.5;5.8;0.7;0.4;3.3;2.6;24.7
230;Kyrie Irving;PG;30;0;60;60;37.4;9.9;20.1;0.494;3.1;8.3;0.379;6.8;11.8;0.574;0.572;4.1;4.6;0.905;1;4.1;5.1;5.5;1.1;0.8;2.1;2.8;27.1
230;Kyrie Irving;PG;30;3;40;40;37;10;20.5;0.486;3.3;8.7;0.374;6.7;11.8;0.569;0.565;4;4.5;0.883;1;4.2;5.1;5.3;1;0.8;2.3;2.7;27.1
230;Kyrie Irving;PG;30;7;20;20;38.2;9.8;19.2;0.51;2.9;7.4;0.392;6.9;11.8;0.585;0.586;4.5;4.7;0.947;1.1;4;5;6;1.3;0.6;1.9;2.8;27
231;Jonathan Isaac;PF;25;22;11;0;11.3;2;4.8;0.415;0.5;1.4;0.4;1.5;3.5;0.421;0.472;0.5;0.8;0.556;1.4;2.6;4;0.5;1.3;0.4;0.4;0.5;5
232;Jaden Ivey;SG;20;9;74;73;31.1;5.5;13.3;0.416;1.6;4.7;0.343;3.9;8.6;0.457;0.477;3.6;4.8;0.747;1;2.9;3.9;5.2;0.8;0.2;3.2;3.3;16.3
233;Frank Jackson;PG;24;29;1;0;5;0;3;0;0;1;0;0;2;0;0;0;0;0;1;1;2;1;0;0;0;0;0
234;Isaiah Jackson;C;21;12;63;12;16.5;2.8;5;0.563;0;0.2;0.143;2.8;4.8;0.582;0.566;1.5;2.3;0.651;1.8;2.7;4.5;0.8;0.5;1.5;0.8;2.4;7.2
235;Jaren Jackson Jr.;C;23;15;63;63;28.4;6.6;13;0.506;1.6;4.5;0.355;5;8.6;0.585;0.567;3.8;4.9;0.788;1.7;5;6.8;1;1;3;1.7;3.6;18.6
236;Justin Jackson;SF;27;2;23;0;4.7;0.3;1.2;0.259;0.2;0.9;0.25;0.1;0.3;0.286;0.352;0;0.1;0.5;0.1;0.7;0.7;0.4;0.2;0.2;0.1;0.3;0.9
237;Quenton Jackson;PG;24;30;9;0;15;2.1;4.7;0.452;0.1;1.3;0.083;2;3.3;0.6;0.464;1.9;2.4;0.773;0.2;0.7;0.9;1.7;0.4;0.1;0.4;1.1;6.2
238;Reggie Jackson;PG;32;0;68;40;24.4;3.9;9.4;0.411;1.4;4.2;0.333;2.5;5.2;0.474;0.486;1;1.1;0.91;0.4;1.8;2.1;3.4;0.7;0.1;1.7;1.7;10.2
238;Reggie Jackson;PG;32;13;52;38;25.7;4.1;9.8;0.418;1.5;4.2;0.35;2.6;5.6;0.469;0.493;1.2;1.3;0.924;0.4;1.8;2.2;3.5;0.7;0.1;1.8;1.8;10.9
238;Reggie Jackson;PG;32;8;16;2;19.9;3.1;8;0.383;1.2;4.3;0.279;1.9;3.8;0.5;0.457;0.6;0.8;0.833;0.2;1.6;1.8;3.1;0.6;0.1;1.2;1.4;7.9
239;LeBron James;PF;38;14;55;54;35.5;11.1;22.2;0.5;2.2;6.9;0.321;8.9;15.3;0.58;0.549;4.6;5.9;0.768;1.2;7.1;8.3;6.8;0.9;0.6;3.2;1.6;28.9
240;Ty Jerome;SG;25;10;45;2;18.1;2.6;5.4;0.488;0.8;2;0.389;1.8;3.4;0.546;0.56;0.8;0.9;0.927;0.2;1.6;1.7;3;0.5;0.1;0.7;1.4;6.9
241;Isaiah Joe;SG;23;21;73;10;19.1;3.1;7;0.441;2.2;5.4;0.409;0.9;1.6;0.553;0.599;1.1;1.4;0.82;0.4;2;2.4;1.2;0.7;0.1;0.5;1.4;9.5
242;Alize Johnson;PF;26;27;4;0;7.5;0.8;1.5;0.5;0;0.5;0;0.8;1;0.75;0.5;0.3;0.5;0.5;0.5;2;2.5;0.3;0.3;0;1;0.8;1.8
243;Cameron Johnson;PF;26;0;42;41;28.5;5.3;11.3;0.47;2.5;6.1;0.404;2.9;5.2;0.548;0.579;2.4;2.9;0.842;0.8;3.6;4.4;1.9;1.2;0.3;0.9;2;15.5
243;Cameron Johnson;PF;26;24;17;16;25.2;4.8;10.2;0.474;2.6;5.8;0.455;2.2;4.4;0.5;0.604;1.6;1.9;0.818;0.8;3;3.8;1.5;0.9;0.4;0.6;1.7;13.9
243;Cameron Johnson;PF;26;3;25;25;30.8;5.6;12;0.468;2.3;6.2;0.372;3.3;5.8;0.572;0.565;3;3.5;0.851;0.8;4;4.8;2.1;1.4;0.3;1.1;2.2;16.6
244;Jalen Johnson;SF;21;1;70;6;14.9;2.3;4.6;0.491;0.4;1.5;0.288;1.8;3.1;0.587;0.537;0.7;1.1;0.628;0.7;3.3;4;1.2;0.5;0.5;0.6;1.6;5.6
245;James Johnson;PF;35;12;18;1;9;1.2;2.7;0.449;0.2;0.8;0.2;1.1;1.9;0.559;0.48;0.2;0.4;0.5;0.2;1.4;1.7;0.8;0.4;0.3;0.4;1.8;2.8
246;Keldon Johnson;SF;23;27;63;63;32.7;8;17.7;0.452;2.1;6.5;0.329;5.9;11.2;0.523;0.512;3.9;5.2;0.749;0.9;4.2;5;2.9;0.7;0.2;2.1;2;22
247;Keon Johnson;SG;20;25;40;0;10.4;1.7;4.5;0.376;0.7;2;0.346;1;2.4;0.402;0.455;0.7;1;0.659;0.3;0.8;1.1;1.5;0.5;0.2;1.1;1.1;4.7
248;Stanley Johnson;SF;26;27;30;0;15.6;2.2;4.1;0.533;0.6;1.3;0.45;1.6;2.7;0.573;0.607;0.9;1.3;0.667;0.7;2.4;3.2;2.2;0.5;0.2;1.1;1.6;5.8
249;Nikola Joki?;C;27;8;69;69;33.7;9.4;14.8;0.632;0.8;2.2;0.383;8.5;12.7;0.675;0.66;4.9;6;0.822;2.4;9.4;11.8;9.8;1.3;0.7;3.6;2.5;24.5
250;Carlik Jones;PG;25;5;7;0;8;0.9;2.1;0.4;0.4;0.9;0.5;0.4;1.3;0.333;0.5;0.7;1.1;0.625;0.1;0.6;0.7;0.9;0.3;0;0.3;0.3;2.9
251;Damian Jones;C;27;0;41;1;11.6;1.3;2.1;0.64;0.2;0.4;0.588;1.1;1.7;0.652;0.698;0.5;0.7;0.759;1;2;3;0.4;0.2;0.5;0.6;1.3;3.5
251;Damian Jones;C;27;14;22;1;8;0.9;1.7;0.541;0;0.1;0;0.9;1.5;0.588;0.541;0.7;0.9;0.75;0.8;1.7;2.5;0.2;0.1;0.5;0.4;0.8;2.5
251;Damian Jones;C;27;29;19;0;15.8;1.8;2.6;0.714;0.5;0.7;0.714;1.3;1.8;0.714;0.816;0.4;0.5;0.778;1.3;2.3;3.5;0.6;0.3;0.5;0.7;2;4.6
252;Derrick Jones Jr.;SF;25;5;64;0;14;1.8;3.6;0.5;0.4;1.3;0.338;1.4;2.3;0.587;0.559;1;1.3;0.738;0.9;1.5;2.4;0.5;0.5;0.6;0.4;1.3;5
253;Herbert Jones;SF;24;19;66;66;29.6;3.6;7.6;0.469;0.8;2.5;0.335;2.7;5.1;0.536;0.525;1.9;2.4;0.764;1.5;2.6;4.1;2.5;1.6;0.6;1.3;3.2;9.8
254;Kai Jones;C;22;4;46;0;12;1.5;2.6;0.558;0.1;0.4;0.211;1.4;2.2;0.624;0.575;0.4;0.6;0.731;0.8;1.9;2.7;0.3;0.4;0.7;0.7;1.4;3.4
255;Tre Jones;PG;23;27;68;65;29.2;5;10.9;0.459;0.7;2.3;0.285;4.4;8.6;0.506;0.489;2.2;2.5;0.86;0.8;2.8;3.6;6.6;1.3;0.1;1.6;1.4;12.9
256;Tyus Jones;PG;26;15;80;22;24.3;3.9;8.9;0.438;1.5;4.1;0.371;2.4;4.8;0.495;0.523;1;1.3;0.8;0.4;2.2;2.5;5.2;1;0.1;0.9;0.4;10.3
257;DeAndre Jordan;C;34;8;39;8;15;2.3;2.9;0.765;0;0;1;2.2;2.9;0.763;0.77;0.6;1.2;0.458;1.3;3.8;5.2;0.9;0.3;0.6;1.2;1.8;5.1
258;Cory Joseph;PG;31;9;62;2;19.8;2.4;5.7;0.427;1.1;2.9;0.389;1.3;2.8;0.468;0.527;0.9;1.2;0.792;0.3;1.4;1.7;3.5;0.5;0.1;0.9;1.4;6.9
259;Nikola Jovi?;PF;19;16;15;8;13.6;1.9;4.6;0.406;0.5;2.3;0.229;1.3;2.3;0.588;0.464;1.2;1.3;0.947;0.6;1.5;2.1;0.7;0.5;0.1;0.7;1.3;5.5
260;Johnny Juzang;SF;21;29;18;0;12.9;1.9;5.8;0.337;0.8;3.5;0.238;1.1;2.3;0.488;0.409;0.1;0.2;0.5;0.4;1.7;2.2;0.4;0.2;0.2;0.2;0.7;4.8
261;Mfiondu Kabengele;PF;25;2;4;0;9;0.5;1.8;0.286;0;0.8;0;0.5;1;0.5;0.286;0.5;0.5;1;1.3;1.3;2.5;0;0.5;0;0.3;0.8;1.5
262;Frank Kaminsky;C;29;0;36;0;6.5;0.9;1.8;0.492;0.4;0.9;0.394;0.5;0.8;0.6;0.595;0.4;0.4;0.875;0.2;1.3;1.4;0.9;0.2;0.1;0.3;0.6;2.5
262;Frank Kaminsky;C;29;1;26;0;6.8;1;1.7;0.568;0.4;0.9;0.478;0.5;0.8;0.667;0.693;0.4;0.5;0.833;0.1;1.3;1.4;0.8;0.2;0;0.3;0.8;2.7
262;Frank Kaminsky;C;29;11;10;0;5.9;0.6;1.9;0.316;0.2;1;0.2;0.4;0.9;0.444;0.368;0.4;0.4;1;0.4;1.2;1.6;1.1;0.1;0.3;0;0.1;1.8
263;Trevor Keels;SG;19;20;3;0;2.7;0.3;1.3;0.25;0.3;1.3;0.25;0;0;0;0.375;0;0;0;0;0.7;0.7;0;0;0;0;0;1
264;Luke Kennard;SG;26;0;59;14;22.3;3.2;6.5;0.492;2.3;4.6;0.494;0.9;1.9;0.487;0.666;0.6;0.7;0.949;0.3;2.4;2.7;1.5;0.5;0.1;0.8;1.4;9.3
264;Luke Kennard;SG;26;13;35;11;20.7;2.8;6;0.464;1.7;3.8;0.447;1.1;2.3;0.494;0.604;0.5;0.6;0.95;0.2;2.2;2.4;1.1;0.5;0.1;0.9;1.3;7.8
264;Luke Kennard;SG;26;15;24;3;24.6;3.8;7.1;0.526;3.1;5.7;0.54;0.7;1.4;0.471;0.743;0.8;0.8;0.947;0.4;2.8;3.1;2.3;0.5;0;0.7;1.5;11.3
265;Walker Kessler;C;21;29;74;40;23;4;5.6;0.72;0;0;0.333;4;5.6;0.723;0.721;1.1;2.1;0.516;3.1;5.3;8.4;0.9;0.4;2.3;0.8;2.3;9.2
266;Braxton Key;SF;25;9;3;0;3;0.3;0.3;1;0;0;0;0.3;0.3;1;1;0.7;0.7;1;0;0.3;0.3;0;0;0;0;0;1.3
267;Louis King;SF;23;23;1;0;29;8;13;0.615;4;8;0.5;4;5;0.8;0.769;0;1;0;2;2;4;2;1;0;2;4;20
268;Corey Kispert;SF;23;30;74;45;28.3;3.9;7.9;0.497;2.2;5.2;0.424;1.7;2.7;0.637;0.637;1;1.2;0.852;0.4;2.4;2.8;1.2;0.4;0.1;0.7;1.3;11.1
269;Maxi Kleber;C;31;7;37;5;25.1;2.1;4.6;0.456;1.1;3;0.348;1;1.5;0.667;0.571;0.7;1;0.711;0.8;2.8;3.6;1.4;0.3;0.8;0.7;2.3;5.9
270;Nathan Knight;PF;25;18;38;0;7.7;1.2;2.1;0.568;0.2;0.6;0.364;1;1.6;0.644;0.617;1;1.5;0.684;0.6;0.9;1.5;0.3;0.3;0.2;0.6;1.1;3.7
271;Kevin Knox;PF-SF;23;0;63;5;15.1;2.4;5.3;0.458;1;3;0.349;1.4;2.3;0.596;0.556;0.7;1;0.767;0.5;2.3;2.8;0.5;0.4;0.2;0.8;1.5;6.6
271;Kevin Knox;PF;23;9;42;1;14.1;2;4.3;0.469;1;2.8;0.371;1;1.5;0.651;0.589;0.6;0.8;0.788;0.5;2.1;2.6;0.4;0.3;0.3;0.8;1.8;5.6
271;Kevin Knox;SF;23;25;21;4;17.1;3.2;7.3;0.444;1;3.3;0.314;2.2;4;0.554;0.516;1;1.3;0.741;0.7;2.6;3.3;0.9;0.5;0;0.9;1;8.5
272;Christian Koloko;C;22;28;58;19;13.8;1.2;2.6;0.48;0;0.2;0.083;1.2;2.4;0.514;0.483;0.6;1;0.627;1.4;1.5;2.9;0.5;0.4;1;0.3;2.2;3.1
273;John Konchar;SG;26;15;72;23;20.8;1.9;4.4;0.431;0.8;2.5;0.339;1.1;2;0.545;0.525;0.4;0.5;0.778;0.9;3.4;4.3;1.4;1.1;0.3;0.5;1.6;5.1
274;Furkan Korkmaz;SG;25;23;37;0;9.5;1.3;3;0.432;0.5;1.2;0.391;0.8;1.8;0.462;0.514;0.7;1;0.722;0.2;1;1.1;0.6;0.3;0.1;0.6;0.5;3.8
275;Luke Kornet;C;27;2;69;0;11.7;1.6;2.5;0.665;0;0.2;0.231;1.6;2.3;0.701;0.674;0.5;0.6;0.821;1.2;1.6;2.9;0.8;0.2;0.7;0.4;1.2;3.8
276;Vit Krejci;PG;22;1;29;0;5.7;0.5;1.3;0.405;0.2;0.7;0.238;0.3;0.6;0.625;0.473;0;0.1;0.5;0.2;0.7;0.9;0.6;0.2;0;0.2;0.6;1.2
277;Jonathan Kuminga;PF;20;10;67;16;20.8;3.9;7.4;0.525;0.8;2.2;0.37;3.1;5.2;0.59;0.579;1.3;2.1;0.652;1;2.4;3.4;1.9;0.6;0.5;1.4;2.3;9.9
278;Kyle Kuzma;PF;27;30;64;64;35;8;17.8;0.448;2.5;7.5;0.333;5.5;10.3;0.533;0.518;2.7;3.7;0.73;0.9;6.4;7.2;3.7;0.6;0.5;3;2.3;21.2
279;Anthony Lamb;SF;25;10;62;4;19.3;2.4;5.1;0.471;1.2;3.2;0.367;1.2;1.9;0.652;0.588;0.7;1;0.767;0.9;2.6;3.5;1.5;0.5;0.3;0.9;2.2;6.7
280;Jock Landale;C;27;24;69;4;14.2;2.6;4.9;0.528;0.3;1.2;0.25;2.3;3.7;0.621;0.559;1.1;1.5;0.752;1.7;2.3;4.1;1;0.2;0.4;0.9;1.8;6.6
281;Romeo Langford;SG;23;27;43;21;19.6;2.8;6;0.467;0.4;1.4;0.262;2.4;4.6;0.53;0.498;0.9;1.3;0.696;1.3;1.3;2.7;1.2;0.6;0.3;0.7;1.6;6.9
282;Jake LaRavia;PF;21;15;35;0;11.8;1.1;2.7;0.389;0.7;2;0.338;0.4;0.7;0.542;0.516;0.2;0.3;0.778;0.5;1.3;1.8;0.6;0.3;0.1;0.5;1.4;3
283;Zach LaVine;SG;27;5;77;77;35.9;8.7;18;0.485;2.6;7.1;0.375;6.1;11;0.556;0.558;4.7;5.6;0.848;0.5;3.9;4.5;4.2;0.9;0.2;2.5;2.1;24.8
284;A.J. Lawson;SG;22;0;15;0;7.2;1.5;2.9;0.5;0.7;1.7;0.4;0.8;1.3;0.632;0.614;0.1;0.5;0.25;0.4;1;1.4;0.1;0.1;0;0.2;0.7;3.7
284;A.J. Lawson;SG;22;18;1;0;2;1;1;1;0;0;0;1;1;1;1;0;0;0;0;1;1;0;0;0;0;1;2
284;A.J. Lawson;SG;22;7;14;0;7.6;1.5;3.1;0.488;0.7;1.8;0.4;0.8;1.3;0.611;0.605;0.1;0.6;0.25;0.4;1;1.4;0.1;0.1;0;0.2;0.7;3.9
285;Damion Lee;SG;30;24;74;5;20.4;2.7;6.1;0.442;1.5;3.3;0.445;1.2;2.8;0.439;0.564;1.3;1.4;0.904;0.5;2.5;3;1.3;0.4;0.1;1.1;1.6;8.2
286;Saben Lee;PG;23;0;25;1;14.9;2;4.8;0.405;0.4;1.2;0.367;1.5;3.6;0.418;0.45;1.7;2.3;0.737;0.5;1.3;1.8;2.7;0.8;0;1;1.3;6
286;Saben Lee;PG;23;23;2;0;5;1.5;2;0.75;0;0.5;0;1.5;1.5;1;0.75;0;0;0;0;0;0;1;0.5;0;1.5;0.5;3
286;Saben Lee;PG;23;24;23;1;15.8;2;5.1;0.393;0.5;1.3;0.379;1.5;3.8;0.398;0.44;1.8;2.5;0.737;0.6;1.4;2;2.8;0.8;0;0.9;1.3;6.3
287;Alex Len;C;29;26;26;2;6.2;0.6;1.2;0.533;0;0.1;0;0.6;1.1;0.571;0.533;0.4;0.6;0.688;0.9;1.4;2.3;0.5;0.2;0.4;0.6;1.1;1.7
288;Kawhi Leonard;SF;31;13;52;50;33.6;8.6;16.8;0.512;2;4.8;0.416;6.6;11.9;0.551;0.572;4.7;5.4;0.871;1.1;5.4;6.5;3.9;1.4;0.5;1.7;1.6;23.8
289;Meyers Leonard;C;30;17;9;2;12.7;1.6;3.2;0.483;0.8;2;0.389;0.8;1.2;0.636;0.603;0.9;1;0.889;1.3;2.4;3.8;0.1;0.2;0;0.7;1.8;4.8
290;Caris LeVert;SG;28;6;74;30;30.2;4.3;10;0.431;1.7;4.4;0.392;2.6;5.6;0.462;0.517;1.8;2.4;0.722;0.7;3.1;3.8;3.9;1;0.3;1.6;2.3;12.1
291;Kira Lewis Jr.;PG;21;19;25;0;9.4;1.6;3.5;0.455;0.6;1.4;0.441;1;2.2;0.463;0.54;0.8;0.9;0.864;0.2;1.1;1.3;0.9;0.4;0.1;0.4;1;4.6
292;Damian Lillard;PG;32;25;58;58;36.3;9.6;20.7;0.463;4.2;11.3;0.371;5.4;9.4;0.574;0.564;8.8;9.6;0.914;0.8;4;4.8;7.3;0.9;0.3;3.3;1.9;32.2
293;Nassir Little;SF;22;25;54;4;18.1;2.5;5.6;0.442;1.1;2.9;0.367;1.4;2.7;0.524;0.538;0.6;0.9;0.717;0.5;2.1;2.6;0.9;0.4;0.4;0.7;1.2;6.6
294;Isaiah Livers;PF;24;9;52;22;23.1;2.3;5.5;0.417;1.4;3.9;0.365;0.9;1.6;0.541;0.545;0.6;0.8;0.821;0.5;2.2;2.8;0.8;0.5;0.5;0.6;2;6.7
295;Kenneth Lofton Jr.;PF;20;15;24;1;7.3;2;3.9;0.527;0.3;0.7;0.353;1.8;3.2;0.566;0.559;0.7;1.1;0.593;0.8;1.3;2.1;0.8;0.2;0.1;0.5;1.2;5
296;Kevon Looney;C;26;10;82;70;23.9;3;4.7;0.63;0;0;0;3;4.7;0.632;0.63;1.1;1.9;0.606;3.3;5.9;9.3;2.5;0.6;0.6;0.5;2.7;7
297;Brook Lopez;C;34;17;78;78;30.4;6.1;11.5;0.531;1.7;4.7;0.374;4.4;6.9;0.637;0.606;1.9;2.4;0.784;2;4.7;6.7;1.3;0.5;2.5;1.4;2.6;15.9
298;Robin Lopez;C;34;6;37;2;8.1;1.3;2;0.64;0.1;0.1;0.5;1.2;1.9;0.648;0.653;0.4;0.5;0.778;0.6;0.8;1.4;0.5;0.1;0.2;0.7;1.2;3
299;Kevin Love;PF;34;0;62;20;20;2.7;6.8;0.389;1.6;4.8;0.334;1.1;2.1;0.516;0.506;1.3;1.5;0.879;1;5.5;6.4;1.9;0.3;0.2;1.1;1.6;8.2
299;Kevin Love;PF;34;6;41;3;20;2.7;7;0.389;1.7;4.8;0.354;1;2.2;0.467;0.511;1.4;1.5;0.889;1;5.8;6.8;1.9;0.2;0.2;1.1;1.6;8.5
299;Kevin Love;PF;34;16;21;17;20;2.6;6.6;0.388;1.4;4.8;0.297;1.1;1.8;0.632;0.496;1.1;1.3;0.857;0.8;4.9;5.7;1.9;0.4;0.2;1.1;1.5;7.7
300;Kyle Lowry;PG;36;16;55;44;31.2;3.6;8.8;0.404;1.9;5.6;0.345;1.6;3.2;0.509;0.514;2.1;2.5;0.859;0.8;3.3;4.1;5.1;1;0.4;1.9;2.6;11.2
301;Trey Lyles;PF;27;26;74;0;16.9;2.5;5.5;0.458;1.2;3.2;0.363;1.4;2.3;0.595;0.565;1.4;1.7;0.815;0.9;3.1;4.1;0.9;0.4;0.4;0.9;1.3;7.6
302;Th�o Maledon;PG;21;4;44;7;19.4;2.3;5.8;0.402;0.6;2.2;0.295;1.7;3.6;0.465;0.457;1.4;1.7;0.851;0.3;2.5;2.8;3.5;0.8;0.3;1.3;1.4;6.7
303;Sandro Mamukelashvili;C;23;0;43;7;15.3;2.3;5.3;0.422;0.7;2.3;0.303;1.6;3;0.511;0.487;0.9;1.3;0.684;1.6;2.7;4.3;1.4;0.3;0.3;0.8;1.2;6.1
303;Sandro Mamukelashvili;C;23;17;24;0;9;0.8;2.4;0.328;0.3;1.3;0.219;0.5;1.1;0.462;0.388;0.5;0.8;0.667;0.8;1.6;2.3;0.7;0.2;0.2;0.4;0.8;2.4
303;Sandro Mamukelashvili;C;23;27;19;7;23.3;4.1;9.1;0.453;1.2;3.5;0.343;2.9;5.5;0.524;0.52;1.4;2.1;0.692;2.7;4.1;6.8;2.4;0.5;0.4;1.4;1.7;10.8
304;Terance Mann;SG;26;13;81;36;23.1;3.4;6.5;0.519;1;2.4;0.389;2.4;4;0.598;0.593;1.1;1.5;0.78;1;2.5;3.4;2.3;0.5;0.3;1;1.8;8.8
305;Tre Mann;PG;21;21;67;5;17.7;2.9;7.5;0.393;1.2;3.8;0.315;1.7;3.6;0.475;0.474;0.6;0.8;0.764;0.4;1.9;2.3;1.8;0.6;0.2;0.9;1.5;7.7
306;Boban Marjanovi?;C;34;11;31;0;5.5;1.3;1.9;0.683;0;0;0;1.3;1.9;0.695;0.683;0.6;0.9;0.741;0.6;1.3;1.9;0.3;0.2;0.1;0.5;0.3;3.3
307;Lauri Markkanen;SF;25;29;66;66;34.4;8.7;17.3;0.499;3;7.7;0.391;5.6;9.6;0.585;0.586;5.3;6;0.875;2;6.7;8.6;1.9;0.6;0.6;1.9;2.1;25.6
308;Naji Marshall;SF;25;19;77;21;23.3;3.2;7.4;0.433;0.9;2.8;0.303;2.4;4.6;0.513;0.49;1.8;2.3;0.789;0.6;3;3.6;2.5;0.7;0.2;1.3;1.5;9.1
309;Caleb Martin;PF;27;16;71;49;29.3;3.6;7.7;0.464;1.2;3.3;0.356;2.4;4.4;0.545;0.54;1.3;1.6;0.805;1.2;3.6;4.8;1.6;1;0.4;1.1;2;9.6
310;Cody Martin;SF;27;4;7;0;19.1;2;5.1;0.389;0.4;2;0.214;1.6;3.1;0.5;0.431;0.6;1;0.571;1.1;2.3;3.4;1.6;0.6;0.1;0.3;1.9;5
311;Kenyon Martin Jr.;SF;22;11;82;49;28;5;8.8;0.569;0.8;2.6;0.315;4.2;6.1;0.679;0.617;1.8;2.7;0.68;1.5;4;5.5;1.5;0.5;0.4;1.1;1.8;12.7
312;Tyrese Martin;SG;23;1;16;0;4.1;0.6;1.4;0.391;0.1;0.4;0.143;0.5;1;0.5;0.413;0.1;0.1;1;0.3;0.4;0.8;0.1;0.1;0;0.1;0.1;1.3
313;Garrison Mathews;SG;26;0;54;0;12.7;1.4;3.7;0.363;1.2;3.3;0.35;0.2;0.4;0.476;0.52;0.9;1;0.906;0.2;1.1;1.4;0.5;0.4;0.1;0.4;1.1;4.8
313;Garrison Mathews;SG;26;11;45;0;13.4;1.3;3.8;0.353;1.2;3.4;0.342;0.2;0.3;0.467;0.509;0.9;1;0.911;0.2;1.2;1.4;0.5;0.5;0.1;0.4;1.2;4.8
313;Garrison Mathews;SG;26;1;9;0;9.3;1.4;3.4;0.419;1.1;2.8;0.4;0.3;0.7;0.5;0.581;0.8;0.9;0.875;0.1;1.1;1.2;0.3;0.1;0.1;0.1;0.7;4.8
314;Bennedict Mathurin;SF;20;12;78;17;28.5;5.3;12.2;0.434;1.3;4;0.323;4;8.2;0.488;0.487;4.8;5.8;0.828;1.1;3;4.1;1.5;0.6;0.2;1.9;2.1;16.7
315;Wesley Matthews;SG;36;17;52;0;15.8;1.1;3.1;0.363;0.8;2.4;0.315;0.4;0.7;0.528;0.484;0.5;0.5;0.857;0.7;1.5;2.2;0.7;0.4;0.3;0.3;1.4;3.4
316;Tyrese Maxey;SG;22;23;60;41;33.6;7.3;15.2;0.481;2.7;6.2;0.434;4.7;9.1;0.513;0.568;3;3.6;0.845;0.4;2.6;2.9;3.5;0.8;0.1;1.3;2.2;20.3
317;Skylar Mays;SG;25;25;6;6;31.5;5.7;11.3;0.5;2;4.3;0.462;3.7;7;0.524;0.588;2;2.2;0.923;0.3;2.8;3.2;8.3;1;0.2;1.7;1.8;15.3
318;Miles McBride;PG;22;20;64;2;11.9;1.2;3.4;0.358;0.6;2.1;0.299;0.6;1.3;0.457;0.451;0.4;0.7;0.667;0.2;0.6;0.8;1.1;0.6;0.1;0.4;0.9;3.5
319;Mac McClung;SG;24;23;2;0;20.5;4.5;10;0.45;2;5.5;0.364;2.5;4.5;0.556;0.55;1.5;2.5;0.6;1.5;3.5;5;4.5;0;0;1.5;1.5;12.5
320;CJ McCollum;SG;31;19;75;75;35.3;7.8;17.9;0.437;2.8;7.2;0.389;5;10.7;0.469;0.515;2.4;3.2;0.769;0.7;3.6;4.4;5.7;0.9;0.5;2.4;2;20.9
321;T.J. McConnell;PG;30;12;75;6;20.3;3.8;6.9;0.543;0.3;0.8;0.441;3.4;6.2;0.556;0.568;0.8;0.9;0.853;0.6;2.5;3.1;5.3;1.1;0.1;1.9;1.4;8.7
322;Jaden McDaniels;SF;22;18;79;79;30.6;4.7;9.1;0.517;1.4;3.4;0.398;3.3;5.7;0.588;0.591;1.3;1.8;0.736;1.2;2.7;3.9;1.9;0.9;1;1.4;3.4;12.1
323;Jalen McDaniels;SF;25;0;80;24;23.9;3.5;7.7;0.455;1;2.9;0.332;2.6;4.8;0.53;0.518;1.5;1.7;0.841;0.8;3.5;4.3;1.6;1;0.4;1.2;2.6;9.4
323;Jalen McDaniels;SF;25;4;56;21;26.7;3.9;8.8;0.447;1.2;3.6;0.322;2.8;5.2;0.534;0.513;1.6;1.9;0.846;0.8;4;4.8;2;1.2;0.5;1.4;2.8;10.6
323;Jalen McDaniels;SF;25;23;24;3;17.5;2.5;5.1;0.488;0.5;1.3;0.4;2;3.9;0.516;0.537;1.2;1.4;0.824;0.8;2.4;3.2;0.8;0.7;0.2;0.5;2.1;6.7
324;Doug McDermott;SF;31;27;64;0;20.5;3.7;8.2;0.457;1.9;4.7;0.413;1.8;3.5;0.516;0.575;0.8;1.1;0.757;0.4;1.8;2.2;1.4;0.2;0.1;0.9;1.8;10.2
325;JaVale McGee;C;35;7;42;7;8.5;1.9;3;0.64;0;0.1;0.4;1.9;2.9;0.65;0.648;0.6;1;0.585;0.7;1.8;2.5;0.3;0.1;0.6;0.9;1.3;4.4
326;Bryce McGowens;SG;20;4;46;7;17.1;1.7;4.4;0.396;0.6;1.7;0.325;1.2;2.7;0.443;0.46;1.3;1.7;0.75;0.4;1.6;2;1.2;0.3;0.1;0.9;1;5.3
327;Rodney McGruder;SG;31;9;32;12;16.4;1.9;4.8;0.408;1.3;3;0.423;0.7;1.7;0.382;0.543;0.6;0.7;0.818;0.6;1.7;2.3;0.9;0.5;0;0.3;1.2;5.7
328;Jordan McLaughlin;PG;26;18;43;0;15.8;1.4;3.4;0.421;0.6;1.8;0.308;0.9;1.6;0.552;0.503;0.3;0.4;0.833;0.3;1.1;1.4;3.4;0.7;0.1;0.8;0.7;3.7
329;De'Anthony Melton;PG;24;23;77;58;27.9;3.6;8.5;0.425;2;5.2;0.39;1.6;3.2;0.484;0.546;0.9;1.1;0.793;0.9;3.2;4.1;2.6;1.6;0.5;1.3;2.5;10.1
330;Sam Merrill;SG;26;6;5;0;11.8;1.8;4.4;0.409;1;3.6;0.278;0.8;0.8;1;0.523;0.4;0.4;1;0;1.8;1.8;1;0.8;0;0;0.6;5
331;Chimezie Metu;C;25;26;66;0;10.4;2;3.3;0.589;0.1;0.6;0.237;1.8;2.7;0.663;0.61;0.8;1.1;0.74;0.7;2.3;3;0.6;0.3;0.3;0.5;1.2;4.9
332;Khris Middleton;SF;31;17;33;19;24.3;5.4;12.3;0.436;1.5;4.9;0.315;3.8;7.4;0.516;0.499;2.8;3.1;0.902;0.8;3.4;4.2;4.9;0.7;0.2;2.2;2.1;15.1
333;Patty Mills;PG;34;3;40;2;14.2;2.2;5.2;0.411;1.2;3.4;0.366;0.9;1.9;0.493;0.529;0.6;0.8;0.833;0.2;0.9;1.1;1.4;0.4;0.1;0.8;0.8;6.2
334;Shake Milton;SG;26;23;76;11;20.6;3.2;6.6;0.479;0.7;1.9;0.378;2.4;4.7;0.521;0.535;1.3;1.5;0.853;0.5;2;2.5;3.2;0.3;0.2;1.2;1.6;8.4
335;Justin Minaya;SF;23;25;4;0;22.3;1.8;5.8;0.304;0.8;3;0.25;1;2.8;0.364;0.37;0;0.3;0;0.8;3;3.8;1;0.5;1.3;1;2.3;4.3
336;Josh Minott;SF;20;18;15;0;6.4;1.2;2.4;0.5;0.1;0.4;0.333;1.1;2;0.533;0.528;0.5;0.5;1;0.3;1.3;1.7;0.3;0.3;0.4;0.2;0.7;3.1
337;Davion Mitchell;PG;24;26;80;9;18.1;2.3;5;0.454;0.8;2.5;0.32;1.5;2.5;0.584;0.533;0.3;0.4;0.806;0.2;1.1;1.3;2.3;0.6;0.2;0.8;1.4;5.6
338;Donovan Mitchell;SG;26;6;68;68;35.8;10;20.6;0.484;3.6;9.3;0.386;6.4;11.3;0.566;0.572;4.7;5.4;0.867;0.9;3.3;4.3;4.4;1.5;0.4;2.6;2.5;28.3
339;Evan Mobley;PF;21;6;79;79;34.4;6.6;12;0.554;0.3;1.3;0.216;6.4;10.7;0.595;0.566;2.6;3.8;0.674;2.4;6.6;9;2.8;0.8;1.5;1.8;2.8;16.2
340;Isaiah Mobley;PF;23;6;13;0;6.5;0.9;2.2;0.429;0.2;0.6;0.375;0.7;1.5;0.45;0.482;0.3;0.3;1;0.3;1.2;1.5;0.2;0.3;0.2;0.1;0.6;2.4
341;Chima Moneke;SF;27;26;2;0;4;0.5;1;0.5;0;0;0;0.5;1;0.5;0.5;0;1;0;1;0;1;0.5;0;0;1;1;1
342;Malik Monk;SG;24;26;77;0;22.3;4.6;10.3;0.448;1.9;5.2;0.359;2.8;5.2;0.538;0.538;2.4;2.7;0.889;0.4;2.2;2.6;3.9;0.6;0.3;1.9;1.6;13.5
343;Moses Moody;SG;20;10;63;3;13;1.7;3.6;0.476;0.8;2.1;0.363;0.9;1.5;0.641;0.584;0.6;0.8;0.698;0.4;1.2;1.7;0.8;0.3;0.1;0.5;0.9;4.8
344;Xavier Moon;SG;28;13;4;0;5;0.8;2.3;0.333;0.3;0.8;0.333;0.5;1.5;0.333;0.389;0;0;0;0;0.8;0.8;1.3;0;0;0.3;0.5;1.8
345;Wendell Moore Jr.;SG;21;18;29;2;5.3;0.6;1.5;0.419;0.1;0.6;0.118;0.6;0.9;0.615;0.442;0.1;0.2;0.8;0.1;0.5;0.6;0.6;0.3;0.2;0.3;0.4;1.4
346;Ja Morant;PG;23;15;61;59;31.9;9.3;19.9;0.466;1.5;4.9;0.307;7.8;15;0.519;0.504;6.1;8.1;0.748;1;4.9;5.9;8.1;1.1;0.3;3.4;1.6;26.2
347;Marcus Morris;PF;33;13;65;65;28.1;4.2;9.9;0.426;1.7;4.7;0.364;2.5;5.2;0.484;0.513;1;1.3;0.782;0.4;3.5;4;1.8;0.6;0.3;0.9;2.1;11.2
348;Markieff Morris;PF;33;0;35;2;10.1;1.3;3.3;0.409;0.8;2;0.394;0.5;1.3;0.432;0.53;0.3;0.3;1;0.4;1.7;2;0.9;0.3;0.1;0.5;1.4;3.8
348;Markieff Morris;PF;33;3;27;1;10.6;1.2;3;0.402;0.7;1.8;0.408;0.5;1.2;0.394;0.524;0.4;0.4;1;0.5;1.7;2.2;0.9;0.3;0.2;0.5;1.2;3.6
348;Markieff Morris;PF;33;7;8;1;8.8;1.8;4.1;0.424;1;2.8;0.364;0.8;1.4;0.545;0.545;0;0;0;0;1.5;1.5;0.8;0.1;0;0.5;1.9;4.5
349;Monte Morris;PG;27;30;62;61;27.3;4;8.3;0.48;1.3;3.3;0.382;2.7;5;0.543;0.555;1;1.2;0.831;0.4;3;3.4;5.3;0.7;0.2;1;1.2;10.3
350;Trey Murphy III;SF;22;19;79;65;31;4.9;10.1;0.484;2.6;6.3;0.406;2.3;3.8;0.611;0.61;2.2;2.4;0.905;0.7;2.8;3.6;1.4;1.1;0.5;0.8;2;14.5
351;Dejounte Murray;SG;26;1;74;74;36.4;8.3;17.8;0.464;1.8;5.2;0.344;6.5;12.6;0.514;0.514;2.1;2.6;0.832;0.7;4.5;5.3;6.1;1.5;0.3;2.2;1.4;20.5
352;Jamal Murray;PG;25;8;65;65;32.8;7.3;16;0.454;2.6;6.6;0.398;4.6;9.4;0.494;0.537;2.8;3.3;0.833;0.7;3.2;4;6.2;1;0.2;2.2;1.6;20
353;Keegan Murray;SF;22;26;80;78;29.8;4.4;9.8;0.453;2.6;6.3;0.411;1.9;3.5;0.527;0.584;0.8;1;0.765;1.1;3.5;4.6;1.2;0.8;0.5;0.8;2;12.2
354;Mike Muscala;C;31;0;63;9;15;2.1;4.6;0.449;1.3;3.3;0.391;0.8;1.3;0.588;0.587;0.6;0.8;0.769;0.6;2.6;3.2;0.8;0.2;0.4;0.4;1.6;6.1
354;Mike Muscala;C;31;21;43;5;14.5;2.1;4.7;0.438;1.3;3.3;0.394;0.8;1.4;0.541;0.576;0.7;0.9;0.795;0.5;2.6;3.1;0.9;0.3;0.4;0.3;1.6;6.2
354;Mike Muscala;C;31;2;20;4;16.2;2.1;4.5;0.472;1.3;3.3;0.385;0.9;1.2;0.708;0.612;0.5;0.7;0.692;0.7;2.7;3.4;0.6;0.2;0.3;0.5;1.4;5.9
355;Svi Mykhailiuk;SF;25;0;32;8;14.6;2.4;5.4;0.445;1.3;3.1;0.424;1.1;2.3;0.473;0.566;0.8;1.2;0.667;0.5;1.2;1.7;1.7;0.5;0.1;0.8;0.7;6.9
355;Svi Mykhailiuk;SF;25;20;13;0;3.1;0.5;0.9;0.5;0.5;0.8;0.6;0;0.2;0;0.75;0.2;0.4;0.6;0;0.5;0.5;0.1;0.1;0;0.2;0.1;1.6
355;Svi Mykhailiuk;SF;25;4;19;8;22.5;3.7;8.5;0.441;1.9;4.7;0.404;1.8;3.8;0.486;0.553;1.2;1.8;0.676;0.8;1.6;2.4;2.7;0.7;0.2;1.2;1.2;10.6
356;Larry Nance Jr.;PF;30;19;65;1;21.2;2.9;4.7;0.61;0.2;0.6;0.333;2.6;4;0.654;0.633;0.8;1.2;0.696;1.6;3.8;5.4;1.8;0.9;0.6;0.6;2;6.8
357;Andrew Nembhard;SG;23;12;75;63;27.6;3.8;8.6;0.441;1.2;3.5;0.35;2.6;5.1;0.504;0.512;0.7;0.8;0.79;0.5;2.2;2.7;4.5;0.9;0.2;1.7;2.4;9.5
358;Aaron Nesmith;SF;23;12;73;60;24.9;3.5;8.1;0.427;1.6;4.3;0.366;1.9;3.8;0.496;0.525;1.6;1.9;0.838;0.8;2.9;3.8;1.3;0.8;0.5;1;3.2;10.1
359;Raul Neto;PG;30;6;48;1;10.5;1.2;2.3;0.518;0.3;0.9;0.286;0.9;1.4;0.662;0.573;0.6;0.7;0.912;0.2;0.8;1;1.6;0.4;0.1;0.5;1;3.3
360;Georges Niang;PF;29;23;78;1;19.4;2.8;6.4;0.442;2;4.9;0.401;0.9;1.5;0.576;0.596;0.5;0.6;0.867;0.2;2.1;2.4;1;0.4;0.2;0.7;1.9;8.2
361;Daishen Nix;PG;20;11;57;7;16;1.4;4.2;0.342;0.7;2.5;0.286;0.7;1.7;0.423;0.426;0.4;0.6;0.667;0.3;1.4;1.7;2.3;0.5;0.1;1.5;1;4
362;Zeke Nnaji;PF;22;8;53;5;13.7;2.1;3.7;0.561;0.3;1.2;0.262;1.8;2.5;0.71;0.605;0.8;1.2;0.645;1.2;1.4;2.6;0.3;0.3;0.4;0.6;2;5.2
363;Nerlens Noel;C;28;0;17;4;11.5;0.8;2.1;0.361;0.1;0.1;0.5;0.7;2;0.353;0.375;0.5;0.7;0.667;0.6;2.1;2.7;0.6;0.9;0.6;0.8;1.9;2.1
363;Nerlens Noel;C;28;9;14;3;10.9;0.9;2.1;0.4;0.1;0.1;0.5;0.8;2;0.393;0.417;0.5;0.7;0.7;0.5;2.1;2.6;0.5;0.9;0.6;0.6;1.8;2.3
363;Nerlens Noel;C;28;3;3;1;14.3;0.3;2;0.167;0;0;0;0.3;2;0.167;0.167;0.3;0.7;0.5;1;2;3;1;1;0.3;1.7;2.3;1
364;Jaylen Nowell;SG;23;18;65;2;19.3;4.3;9.6;0.448;1;3.6;0.289;3.3;6;0.542;0.502;1.2;1.5;0.778;0.6;2.1;2.6;2;0.6;0.1;1;1.6;10.8
365;Frank Ntilikina;PG;24;7;47;5;12.9;1;2.8;0.364;0.4;1.4;0.254;0.7;1.4;0.477;0.428;0.5;0.7;0.667;0.1;1.2;1.3;1.2;0.3;0.1;0.6;1.4;2.9
366;Kendrick Nunn;SG-PG;27;0;70;2;13.8;2.7;6.4;0.424;1.1;3.2;0.354;1.6;3.2;0.493;0.512;0.5;0.6;0.854;0.2;1.3;1.6;1.3;0.4;0.1;0.9;0.9;7.1
366;Kendrick Nunn;SG;27;14;39;2;13.5;2.6;6.4;0.406;1.1;3.2;0.325;1.6;3.2;0.488;0.488;0.4;0.5;0.81;0.1;1.3;1.4;0.9;0.3;0.1;0.8;0.9;6.7
366;Kendrick Nunn;PG;27;30;31;0;14.1;2.9;6.4;0.447;1.2;3.1;0.392;1.6;3.3;0.5;0.543;0.6;0.6;0.9;0.3;1.4;1.7;1.8;0.5;0.1;1.1;1;7.5
367;Jusuf Nurki?;C;28;25;52;52;26.8;5;9.7;0.519;0.8;2.3;0.361;4.2;7.4;0.567;0.561;2.4;3.7;0.661;2.2;6.9;9.1;2.9;0.8;0.8;2.3;3.6;13.3
368;Jordan Nwora;SF;24;0;62;14;19.2;3.1;7.2;0.436;1.4;3.4;0.408;1.7;3.8;0.462;0.533;1.1;1.4;0.791;0.8;2.9;3.7;1.4;0.4;0.2;1.1;1.2;8.7
368;Jordan Nwora;SF;24;17;38;3;15.7;2;5.2;0.386;1.1;2.7;0.392;0.9;2.5;0.379;0.487;1;1.1;0.86;0.8;2.3;3.1;1;0.3;0.2;0.9;0.9;6
368;Jordan Nwora;SF;24;12;24;11;24.6;4.9;10.3;0.476;1.9;4.5;0.422;3;5.8;0.518;0.569;1.3;1.8;0.721;0.9;3.8;4.7;2.1;0.5;0.3;1.3;1.7;13
369;Royce O'Neale;SF;29;3;76;53;31.7;3;7.8;0.386;2.1;5.5;0.389;0.9;2.3;0.379;0.524;0.7;0.9;0.725;0.7;4.3;5.1;3.7;0.9;0.6;1.5;3.1;8.8
370;Chuma Okeke;SF;24;22;27;8;19.2;1.6;4.5;0.352;1;3.2;0.302;0.6;1.3;0.472;0.459;0.6;0.8;0.762;1;2.6;3.6;1.4;0.7;0.4;0.6;1.5;4.7
371;Josh Okogie;SG;24;24;72;26;18.8;2.3;5.8;0.391;0.9;2.7;0.335;1.3;3;0.442;0.471;1.9;2.7;0.724;1.5;2;3.5;1.5;0.8;0.5;0.9;1.6;7.3
372;Onyeka Okongwu;C;22;1;80;18;23.1;4;6.2;0.638;0.1;0.2;0.308;3.9;6.1;0.647;0.642;1.9;2.5;0.781;2.7;4.5;7.2;1;0.7;1.3;1;3.1;9.9
373;Isaac Okoro;SF;22;6;76;46;21.7;2.3;4.7;0.494;0.8;2.3;0.363;1.5;2.4;0.617;0.582;1;1.4;0.757;0.7;1.8;2.5;1.1;0.7;0.4;0.6;2.1;6.4
374;KZ Okpala;PF;23;26;35;3;7.1;0.5;1.1;0.421;0.2;0.6;0.333;0.3;0.5;0.529;0.513;0.2;0.2;0.875;0.2;0.8;1;0.4;0.2;0.2;0.2;1.1;1.3
375;Victor Oladipo;SG;30;16;42;2;26.3;3.8;9.6;0.397;1.7;5;0.33;2.1;4.5;0.471;0.484;1.4;1.9;0.747;0.4;2.7;3;3.5;1.4;0.3;2.1;2.4;10.7
376;Kelly Olynyk;C;31;29;68;68;28.6;4.1;8.2;0.499;1.4;3.5;0.394;2.7;4.7;0.576;0.583;2.9;3.4;0.853;1.2;5;6.2;3.7;0.9;0.5;2.5;3.4;12.5
377;Eugene Omoruyi;SF;25;0;40;6;16.1;2.5;5.7;0.443;0.6;2.2;0.281;1.9;3.5;0.547;0.498;1.3;1.9;0.68;1.1;1.7;2.8;0.7;0.7;0.1;0.9;2.3;7
377;Eugene Omoruyi;SF;25;21;23;2;11.8;1.9;4.1;0.468;0.3;1.3;0.258;1.6;2.7;0.571;0.511;0.7;1.2;0.607;1;1.3;2.3;0.5;0.6;0;0.7;2;4.9
377;Eugene Omoruyi;SF;25;9;17;4;21.9;3.4;7.9;0.425;1;3.4;0.293;2.4;4.5;0.526;0.489;2;2.8;0.723;1.2;2.2;3.5;1;0.8;0.2;1.1;2.6;9.7
378;Cedi Osman;SF;27;6;77;2;20.1;3.1;6.9;0.451;1.5;4.1;0.372;1.6;2.8;0.564;0.56;1;1.4;0.694;0.3;2;2.3;1.5;0.5;0.1;0.7;1.6;8.7
379;Kelly Oubre Jr.;SF;27;4;48;40;32.3;7.4;17.1;0.431;2.3;7.1;0.319;5.1;10;0.51;0.497;3.3;4.3;0.76;1.4;3.8;5.2;1.1;1.4;0.4;1.3;2.9;20.3
380;Chris Paul;PG;37;24;59;59;32;5;11.3;0.44;1.7;4.4;0.375;3.3;6.9;0.482;0.513;2.3;2.7;0.831;0.5;3.8;4.3;8.9;1.5;0.4;1.9;2.1;13.9
381;Cameron Payne;PG;28;24;48;15;20.2;3.9;9.4;0.415;1.4;3.9;0.368;2.5;5.6;0.448;0.49;1;1.3;0.766;0.3;2;2.2;4.5;0.7;0.2;1.7;1.8;10.3
382;Gary Payton II;PG;30;0;22;1;16.7;1.9;3.1;0.594;0.6;1.2;0.5;1.3;2;0.651;0.688;0.3;0.3;0.857;1.1;2;3.1;1.4;1;0.2;0.7;2;4.6
382;Gary Payton II;PG;30;25;15;1;17;1.6;2.7;0.585;0.6;1.1;0.529;1;1.6;0.625;0.695;0.3;0.3;1;0.7;1.9;2.6;1.5;1.1;0.1;0.8;1.9;4.1
382;Gary Payton II;PG;30;10;7;0;16;2.4;4;0.607;0.6;1.3;0.444;1.9;2.7;0.684;0.679;0.3;0.4;0.667;2;2.3;4.3;1.1;0.9;0.6;0.6;2;5.7
383;Theo Pinson;SG;27;7;40;1;8.1;0.8;2.2;0.356;0.6;1.6;0.355;0.2;0.6;0.36;0.483;0.3;0.3;0.846;0.3;1.3;1.6;1.2;0.2;0;0.3;0.9;2.4
384;Scotty Pippen Jr.;PG;22;14;6;0;5.3;0.7;2;0.333;0.2;0.5;0.333;0.5;1.5;0.333;0.375;0.8;1.5;0.556;0.3;0.3;0.7;0.3;0.3;0.2;0.3;0.5;2.3
385;Mason Plumlee;C;32;0;79;60;26;4.2;6.1;0.68;0;0;0;4.2;6.1;0.68;0.68;2.5;4;0.636;2.9;6;8.9;3.1;0.6;0.6;1.5;2.7;10.8
385;Mason Plumlee;C;32;4;56;56;28.5;4.7;7.1;0.669;0;0;0;4.7;7.1;0.669;0.669;2.8;4.6;0.605;3.3;6.3;9.7;3.7;0.6;0.6;1.6;2.9;12.2
385;Mason Plumlee;C;32;13;23;4;19.9;2.8;3.8;0.727;0;0;0;2.8;3.8;0.727;0.727;1.9;2.5;0.772;1.8;5.1;6.9;1.7;0.5;0.5;1.3;2.4;7.5
386;Jakob Poeltl;C;27;0;72;71;26.5;5.4;8.6;0.629;0;0;0;5.4;8.6;0.63;0.629;1.7;2.8;0.592;3.3;5.8;9.1;2.7;0.9;1.2;1.7;2.7;12.5
386;Jakob Poeltl;C;27;27;46;46;26.1;5.2;8.4;0.616;0;0;0;5.2;8.4;0.618;0.616;1.7;2.8;0.605;3.3;5.7;9;3.1;0.8;1.1;2.1;2.6;12.1
386;Jakob Poeltl;C;27;28;26;25;27.2;5.8;8.8;0.652;0;0;0;5.8;8.8;0.652;0.652;1.6;2.8;0.569;3.2;5.9;9.1;2.2;1.2;1.3;1.1;3;13.1
387;Aleksej Pokusevski;PF;21;21;34;25;20.6;3.2;7.3;0.434;1.1;3.1;0.365;2.1;4.3;0.483;0.51;0.6;1;0.629;1.3;3.4;4.7;1.9;0.6;1.3;1.3;1.7;8.1
388;Jordan Poole;PG;23;10;82;43;30;6.7;15.6;0.43;2.6;7.8;0.336;4.1;7.8;0.524;0.514;4.4;5.1;0.87;0.4;2.4;2.7;4.5;0.8;0.3;3.1;2.6;20.4
389;Kevin Porter Jr.;PG;22;11;59;59;34.3;6.6;15;0.442;2.4;6.5;0.366;4.2;8.5;0.501;0.522;3.5;4.5;0.784;1.3;4;5.3;5.7;1.4;0.3;3.2;2.6;19.2
390;Michael Porter Jr.;SF;24;8;62;62;29;6.4;13.2;0.487;3;7.3;0.414;3.4;5.9;0.579;0.602;1.5;1.9;0.8;1;4.5;5.5;1;0.6;0.5;1.1;1.9;17.4
391;Otto Porter Jr.;SF;29;28;8;2;18.3;1.9;3.8;0.5;0.8;2.1;0.353;1.1;1.6;0.692;0.6;1;1;1;0.8;1.6;2.4;1;1.4;0;0.5;0.9;5.5
392;Bobby Portis;PF;27;17;70;22;26;5.7;11.5;0.496;1.4;3.7;0.37;4.3;7.8;0.555;0.555;1.4;1.8;0.768;2.2;7.4;9.6;1.5;0.4;0.2;1.2;1.6;14.1
393;Kristaps Porzi??is;C;27;30;65;65;32.6;7.8;15.7;0.498;2.1;5.5;0.385;5.7;10.2;0.559;0.565;5.4;6.4;0.851;1.8;6.6;8.4;2.7;0.9;1.5;2.1;3;23.2
394;Micah Potter;PF;24;29;7;0;7.4;1.4;2.1;0.667;0.6;1;0.571;0.9;1.1;0.75;0.8;0;0;0;0.4;1.9;2.3;0.6;0.1;0;0.3;0.7;3.4
395;Dwight Powell;C;31;7;76;64;19.2;2.6;3.5;0.732;0;0.1;0;2.6;3.5;0.746;0.732;1.5;2.2;0.667;2;2.2;4.1;0.9;0.6;0.3;0.9;2.8;6.7
396;Norman Powell;SG;29;13;60;8;26.1;5.7;11.8;0.479;1.9;4.8;0.397;3.8;7.1;0.534;0.559;3.8;4.6;0.812;0.4;2.5;2.9;1.8;0.8;0.3;1.7;2.1;17
397;Jason Preston;PG;23;13;14;0;8.9;1.3;2.9;0.439;0.4;1.3;0.278;0.9;1.6;0.565;0.5;0;0.1;0;0.1;1.4;1.6;1.9;0.1;0;0.7;0.5;2.9
398;Joshua Primo;SG;20;27;4;0;23.3;2.3;6.5;0.346;0.8;3;0.25;1.5;3.5;0.429;0.404;1.8;2.3;0.778;0.5;2.8;3.3;4.5;0.3;0.5;2.8;2;7
399;Taurean Prince;SF;28;18;54;4;22.1;3.3;7;0.467;1.4;3.6;0.381;1.9;3.4;0.557;0.565;1.2;1.4;0.844;0.3;2.2;2.4;1.6;0.5;0.3;1.3;2.3;9.1
400;Payton Pritchard;PG;25;2;48;3;13.4;2.1;5.1;0.412;1.2;3.2;0.364;0.9;1.9;0.495;0.527;0.3;0.3;0.75;0.5;1.3;1.8;1.3;0.3;0;0.8;0.8;5.6
401;Trevelin Queen;SG;25;12;7;0;10;1;4.1;0.241;0.3;2.1;0.133;0.7;2;0.357;0.276;0.7;0.7;1;1.1;1.3;2.4;0.9;0.3;0.7;1;0.6;3
402;Neemias Queta;C;23;26;5;0;5.8;1.2;1.8;0.667;0;0;0;1.2;1.8;0.667;0.667;0;0.4;0;1;1.2;2.2;0.2;0;0.4;0.2;1.4;2.4
403;Immanuel Quickley;PG;23;20;81;21;28.9;5.2;11.6;0.448;2.1;5.6;0.37;3.1;6;0.521;0.537;2.5;3.1;0.819;0.7;3.4;4.2;3.4;1;0.2;1.2;2;14.9
404;Lester Quinones;SG;22;10;4;0;4.5;0.5;1.3;0.4;0.5;1;0.5;0;0.3;0;0.6;1;1.5;0.667;0.3;0.5;0.8;0.5;0.3;0;1.3;0;2.5
405;Julius Randle;PF;28;20;77;77;35.5;8.5;18.6;0.459;2.8;8.3;0.343;5.7;10.3;0.553;0.536;5.2;6.9;0.757;1.8;8.1;10;4.1;0.6;0.3;2.8;3;25.1
406;Austin Reaves;SG;24;14;64;22;28.8;4;7.7;0.529;1.3;3.4;0.398;2.7;4.3;0.631;0.616;3.6;4.1;0.864;0.5;2.5;3;3.4;0.5;0.3;1.5;1.7;13
407;Cam Reddish;SF;23;0;40;20;24.8;3.5;7.8;0.446;1.1;3.6;0.313;2.4;4.2;0.56;0.518;1.6;1.9;0.853;0.5;1.8;2.2;1.4;1;0.4;1.2;1.8;9.7
407;Cam Reddish;SF;23;20;20;8;21.9;3.1;6.8;0.449;0.9;2.8;0.304;2.2;4;0.55;0.511;1.5;1.7;0.879;0.4;1.2;1.6;1;0.8;0.4;0.8;1.6;8.4
407;Cam Reddish;SF;23;25;20;12;27.6;3.9;8.8;0.443;1.4;4.4;0.318;2.5;4.4;0.568;0.523;1.8;2.1;0.833;0.6;2.3;2.9;1.9;1.2;0.3;1.6;2;11
408;Davon Reed;SG;27;0;43;1;8;0.7;2;0.333;0.4;1.1;0.37;0.3;0.9;0.289;0.435;0.4;0.6;0.667;0.2;1.1;1.4;0.5;0.3;0.1;0.5;0.9;2.1
408;Davon Reed;SG;27;8;35;1;9;0.7;2.3;0.313;0.5;1.3;0.364;0.3;1;0.25;0.413;0.4;0.6;0.75;0.3;1.3;1.6;0.5;0.4;0.1;0.6;1;2.3
408;Davon Reed;SG;27;14;8;0;3.4;0.4;0.5;0.75;0.1;0.3;0.5;0.3;0.3;1;0.875;0.1;0.5;0.25;0.1;0.4;0.5;0.5;0.3;0;0;0.4;1
409;Paul Reed;C;23;23;69;2;10.9;1.8;3;0.593;0;0.1;0.167;1.8;2.9;0.606;0.596;0.6;0.7;0.745;1.6;2.2;3.8;0.4;0.7;0.7;0.7;1.8;4.2
410;Naz Reid;C;23;18;68;11;18.4;4.6;8.5;0.537;1.1;3.2;0.346;3.5;5.3;0.653;0.602;1.3;1.9;0.677;1.1;3.8;4.9;1.1;0.6;0.8;1.4;2.6;11.5
411;Jared Rhoden;SG;23;9;14;0;14.1;1.2;3.1;0.386;0.4;1.4;0.25;0.9;1.7;0.5;0.443;0.4;0.4;1;0.8;1.9;2.6;0.3;0.3;0.1;0.2;1.6;3.2
412;Nick Richards;C;25;4;65;9;18.7;3;4.8;0.629;0;0;1;3;4.8;0.628;0.631;2.1;2.8;0.749;2.3;4.1;6.4;0.6;0.2;1.1;0.9;2.4;8.2
413;Josh Richardson;SG;29;0;65;10;23.5;3.7;8.5;0.431;1.6;4.5;0.365;2;4;0.506;0.528;1.1;1.2;0.852;0.6;2.1;2.7;2.7;1.1;0.3;1.3;1.8;10.1
413;Josh Richardson;SG;29;27;42;6;23.7;4.2;9.7;0.436;1.8;4.9;0.357;2.5;4.7;0.518;0.527;1.3;1.4;0.883;0.7;2.1;2.8;3.3;1;0.3;1.5;1.7;11.5
413;Josh Richardson;SG;29;19;23;4;23.2;2.7;6.4;0.419;1.4;3.7;0.384;1.3;2.7;0.468;0.53;0.7;0.9;0.762;0.5;2;2.4;1.6;1.3;0.4;1;2;7.5
414;Austin Rivers;SG;30;18;52;10;19.5;1.8;4;0.435;0.8;2.4;0.35;0.9;1.7;0.558;0.538;0.6;0.8;0.769;0.1;1.5;1.6;1.4;0.5;0.1;0.4;1.5;4.9
415;Duncan Robinson;SF;28;16;42;1;16.5;2.1;5.6;0.371;1.5;4.6;0.328;0.6;1.1;0.556;0.504;0.7;0.8;0.906;0.2;1.5;1.6;1.1;0.3;0;0.7;1.8;6.4
416;Mitchell Robinson;C;24;20;59;58;27;3.2;4.7;0.671;0;0;0;3.2;4.7;0.671;0.671;1;2.1;0.484;4.5;4.9;9.4;0.9;0.9;1.8;0.7;2.7;7.4
417;Orlando Robinson;C;22;16;31;1;13.7;1.5;2.9;0.528;0;0.2;0;1.5;2.7;0.566;0.528;0.7;1;0.71;1.5;2.5;4.1;0.8;0.4;0.4;0.5;1.7;3.7
418;Jeremiah Robinson-Earl;PF;22;21;43;20;18.9;2.6;5.8;0.444;0.9;2.6;0.333;1.7;3.2;0.533;0.518;0.8;1;0.833;1.7;2.5;4.2;1;0.6;0.3;0.4;1.7;6.8
419;Isaiah Roby;PF;24;27;42;2;11.3;1.6;3.7;0.432;0.4;1.4;0.3;1.2;2.3;0.516;0.49;0.5;1;0.488;0.5;2;2.5;0.9;0.4;0.2;0.7;1.3;4.1
420;David Roddy;PF;21;15;70;4;18;2.6;6;0.429;0.9;3;0.307;1.6;3;0.553;0.506;0.6;0.9;0.631;0.7;2;2.8;0.8;0.4;0.3;0.8;1.5;6.7
421;Ryan Rollins;PG;20;10;12;0;5.2;0.6;1.7;0.35;0.3;0.8;0.333;0.3;0.9;0.364;0.425;0.5;0.5;1;0.3;0.8;1;0.5;0.1;0.1;1.3;0.8;1.9
422;Derrick Rose;PG;34;20;27;0;12.5;2.3;5.9;0.384;0.7;2.3;0.302;1.6;3.6;0.438;0.443;0.4;0.4;0.917;0.3;1.2;1.5;1.7;0.3;0.2;0.8;0.7;5.6
423;Terrence Ross;SG;31;0;63;9;21.1;3.2;7.4;0.43;1.5;4.1;0.368;1.7;3.3;0.507;0.532;0.4;0.5;0.794;0.3;2.1;2.4;1.5;0.6;0.2;0.7;1.5;8.3
423;Terrence Ross;SG;31;22;42;9;22.5;3.1;7.1;0.431;1.5;3.8;0.381;1.6;3.3;0.489;0.533;0.4;0.5;0.75;0.2;1.8;2;1.3;0.6;0.2;0.9;1.3;8
423;Terrence Ross;SG;31;24;21;0;18.4;3.4;7.9;0.428;1.6;4.7;0.347;1.8;3.2;0.544;0.53;0.6;0.7;0.857;0.6;2.7;3.3;2;0.5;0.1;0.3;2.1;9
424;Terry Rozier;SG;28;4;63;63;35.3;7.8;18.9;0.415;2.6;8;0.327;5.2;10.8;0.48;0.484;2.8;3.5;0.809;0.8;3.3;4.1;5.1;1.2;0.3;2.1;1.9;21.1
425;Ricky Rubio;PG;32;6;33;2;17.2;1.8;5.4;0.343;0.6;2.5;0.256;1.2;2.9;0.417;0.402;0.8;1.1;0.8;0.3;1.8;2.1;3.5;0.8;0.2;0.9;1.5;5.2
426;D'Angelo Russell;PG;26;0;71;71;32.5;6.3;13.4;0.469;2.7;6.9;0.396;3.5;6.5;0.548;0.572;2.5;3;0.829;0.5;2.5;3;6.2;1;0.4;2.6;2;17.8
426;D'Angelo Russell;PG;26;18;54;54;32.9;6.3;13.5;0.465;2.7;7;0.391;3.5;6.4;0.546;0.567;2.6;3.1;0.856;0.5;2.5;3.1;6.2;1.1;0.4;2.7;2.2;17.9
426;D'Angelo Russell;PG;26;14;17;17;30.9;6.3;13;0.484;2.7;6.5;0.414;3.6;6.5;0.555;0.588;2.1;2.9;0.735;0.4;2.5;2.9;6.1;0.6;0.5;2.3;1.4;17.4
427;Matt Ryan;SF;25;0;34;0;9.1;1.2;3.2;0.37;0.9;2.5;0.381;0.2;0.7;0.333;0.519;0.3;0.4;0.833;0.1;0.6;0.8;0.5;0.1;0;0.2;0.8;3.6
427;Matt Ryan;SF;25;14;12;0;10.8;1.3;4.1;0.306;1.1;2.9;0.371;0.2;1.2;0.143;0.439;0.3;0.4;0.8;0.2;1;1.2;0.3;0.2;0;0.3;1.2;3.9
427;Matt Ryan;SF;25;18;22;0;8.2;1.1;2.7;0.424;0.9;2.2;0.388;0.3;0.5;0.6;0.585;0.3;0.3;0.857;0.1;0.5;0.5;0.5;0.1;0;0.2;0.6;3.4
428;Domantas Sabonis;C;26;26;79;79;34.6;7.3;11.9;0.615;0.4;1.1;0.373;6.9;10.8;0.639;0.632;4.1;5.5;0.742;3.2;9.1;12.3;7.3;0.8;0.5;2.9;3.5;19.1
429;Luka �amani?;PF;23;29;7;4;23;3.7;8.1;0.456;1.1;4.4;0.258;2.6;3.7;0.692;0.526;1.3;1.9;0.692;0;4.3;4.3;2.1;0.9;0.3;1.4;2.4;9.9
430;Dario �ari?;PF;28;0;57;12;14.1;2.2;4.9;0.458;0.8;2;0.391;1.4;2.8;0.506;0.54;1.1;1.3;0.829;0.9;2.7;3.6;1.3;0.4;0.1;1;1.7;6.4
430;Dario �ari?;PF;28;24;37;12;14.4;2.1;4.8;0.427;0.7;1.9;0.391;1.3;2.9;0.45;0.503;1;1.2;0.818;1.1;2.8;3.8;1.5;0.4;0.1;1;1.9;5.8
430;Dario �ari?;PF;28;21;20;0;13.7;2.6;5;0.515;0.9;2.3;0.391;1.7;2.7;0.623;0.606;1.4;1.6;0.844;0.7;2.6;3.3;0.9;0.4;0.1;1;1.5;7.4
431;Olivier Sarr;C;23;21;9;1;12.7;1.7;3.3;0.5;0.1;0.9;0.125;1.6;2.4;0.636;0.517;0.6;0.8;0.714;1.3;2.1;3.4;0.4;0.1;0.6;0.4;1.9;4
432;Jordan Schakel;SF;24;30;2;0;3;0.5;1;0.5;0.5;0.5;1;0;0.5;0;0.75;0;0;0;0;0;0;0.5;0.5;0;0;0.5;1.5
433;Admiral Schofield;PF;25;22;37;0;12.2;1.5;3.3;0.451;0.6;2;0.324;0.8;1.3;0.646;0.549;0.6;0.6;0.913;0.6;1.1;1.7;0.8;0.2;0.1;0.4;1.6;4.2
434;Dennis Schr�der;PG;29;14;66;50;30.1;4.1;9.8;0.415;1.1;3.4;0.329;3;6.4;0.461;0.472;3.3;3.8;0.857;0.3;2.2;2.5;4.5;0.8;0.2;1.7;2.2;12.6
435;Jay Scrubb;SG;22;22;2;0;15;2.5;3.5;0.714;1;1;1;1.5;2.5;0.6;0.857;0.5;1;0.5;0;3;3;0.5;1;0;1.5;1;6.5
436;Dereon Seabron;SG;22;19;5;0;2.4;0.4;1;0.4;0;0;0;0.4;1;0.4;0.4;0;0;0;0.2;0;0.2;0;0;0;0;0.2;0.8
437;Alperen �eng�n;C;20;11;75;72;28.9;5.9;10.7;0.553;0.3;0.8;0.333;5.6;9.9;0.57;0.565;2.7;3.8;0.715;3.2;5.8;9;3.9;0.9;0.9;2.6;3.4;14.8
438;Collin Sexton;SG;24;29;48;15;23.9;4.9;9.8;0.506;1;2.5;0.393;3.9;7.2;0.546;0.558;3.4;4.1;0.819;0.8;1.4;2.2;2.9;0.6;0.1;1.8;2.3;14.3
439;Landry Shamet;SG;25;24;40;9;20.2;2.8;7.5;0.377;1.9;5;0.377;1;2.5;0.376;0.502;1.1;1.3;0.882;0.3;1.4;1.7;2.3;0.7;0.1;0.9;1.5;8.7
440;Day'Ron Sharpe;C;21;3;48;3;11.5;1.9;3.6;0.544;0.1;0.2;0.545;1.8;3.3;0.544;0.561;0.7;1.1;0.636;2.1;2.1;4.2;0.8;0.3;0.7;0.9;1.9;4.7
441;Shaedon Sharpe;SG;19;25;80;15;22.2;3.8;8.1;0.472;1.3;3.5;0.36;2.6;4.6;0.559;0.551;0.9;1.3;0.714;0.8;2.2;3;1.2;0.5;0.3;1;1.7;9.9
442;Pascal Siakam;C;28;28;71;71;37.4;8.9;18.5;0.48;1.3;4;0.324;7.6;14.5;0.523;0.515;5.2;6.7;0.774;1.8;6;7.8;5.8;0.9;0.5;2.4;3.2;24.2
443;Chris Silva;PF;26;7;1;0;3;1;1;1;0;0;0;1;1;1;1;0;0;0;0;0;0;0;0;0;1;2;2
444;Ben Simmons;PG;26;3;42;33;26.3;3.2;5.6;0.566;0;0;0;3.2;5.5;0.571;0.566;0.6;1.4;0.439;1;5.3;6.3;6.1;1.3;0.6;2.3;3.3;6.9
445;Kobi Simmons;PG;25;4;5;0;5.6;0.2;1.2;0.167;0.2;1;0.2;0;0.2;0;0.25;0.4;0.4;1;0.2;0.6;0.8;1;0;0.4;0.2;0;1
446;Marko Simonovic;C;23;5;7;0;2.9;0.3;1;0.286;0.1;0.6;0.25;0.1;0.4;0.333;0.357;0.1;0.3;0.5;0.1;0.1;0.3;0;0;0;0;0.7;0.9
447;Anfernee Simons;SG;23;25;62;62;35;7.5;16.9;0.447;3.4;9.1;0.377;4.1;7.8;0.528;0.548;2.6;2.9;0.894;0.3;2.3;2.6;4.1;0.7;0.2;2.1;2.3;21.1
448;Jericho Sims;C;24;20;52;16;15.6;1.6;2.1;0.776;0;0;0;1.6;2;0.783;0.776;0.2;0.3;0.75;1.9;2.8;4.7;0.5;0.3;0.5;0.5;1.8;3.4
449;Marcus Smart;PG;28;2;61;61;32.1;4.1;9.9;0.415;1.9;5.6;0.336;2.2;4.3;0.519;0.511;1.4;1.9;0.746;0.8;2.4;3.1;6.3;1.5;0.4;2.3;2.8;11.5
450;Dennis Smith Jr.;PG;25;4;54;15;25.7;3.4;8.4;0.412;0.4;2.1;0.216;3;6.3;0.475;0.438;1.4;2;0.736;0.5;2.6;3.1;4.8;1.4;0.5;1.5;2.3;8.8
451;Dru Smith;SG;25;0;15;1;10.5;1.2;3;0.4;0.3;1.3;0.263;0.9;1.7;0.5;0.456;0.2;0.2;1;0.1;1.5;1.6;1.5;0.7;0.3;0.2;1.5;2.9
451;Dru Smith;SG;25;16;5;1;13.4;1;2.8;0.357;0.2;1.2;0.167;0.8;1.6;0.5;0.393;0;0;0;0.2;1.6;1.8;1;0.8;0.6;0.2;2;2.2
451;Dru Smith;SG;25;3;10;0;9.1;1.3;3.1;0.419;0.4;1.3;0.308;0.9;1.8;0.5;0.484;0.3;0.3;1;0.1;1.4;1.5;1.7;0.6;0.1;0.2;1.3;3.3
452;Ish Smith;PG;34;8;43;0;9.3;1.2;3;0.397;0;0.3;0.167;1.2;2.8;0.42;0.405;0;0.1;0.5;0.1;1.1;1.3;2.3;0.2;0.2;1;0.8;2.5
453;Jabari Smith Jr.;PF;19;11;79;79;31;4.6;11.3;0.408;1.5;4.9;0.307;3.1;6.3;0.487;0.475;2.1;2.6;0.786;1.5;5.7;7.2;1.3;0.5;0.9;1.3;2.9;12.8
454;Jalen Smith;PF;22;12;68;31;18.8;3.6;7.5;0.476;0.8;2.8;0.283;2.8;4.7;0.593;0.53;1.5;2;0.759;1.9;3.9;5.8;1;0.3;0.9;1.1;2.3;9.4
455;Xavier Sneed;SF;25;4;4;0;12;1.3;2.5;0.5;0.8;1.5;0.5;0.5;1;0.5;0.65;1;1;1;0;1.3;1.3;1.3;0;0.3;0.8;1.8;4.3
456;Jeremy Sochan;PF;19;27;56;53;26;4.5;9.9;0.453;0.6;2.4;0.246;3.9;7.5;0.519;0.483;1.4;2.1;0.698;1.7;3.6;5.3;2.5;0.8;0.4;1.7;2.5;11
457;Jaden Springer;SG;20;23;16;2;5.6;1.1;2.2;0.486;0.1;0.3;0.4;0.9;1.9;0.5;0.514;0.4;0.5;0.75;0.4;0.5;0.9;0.5;0.4;0.2;0.2;0.9;2.6
458;Lamar Stevens;PF;25;6;62;25;18.1;2.1;4.6;0.448;0.5;1.5;0.316;1.6;3.1;0.513;0.5;0.6;0.9;0.702;0.8;2.6;3.3;0.5;0.4;0.3;0.4;1.3;5.3
459;Isaiah Stewart;C;21;9;50;47;28.3;3.9;8.8;0.442;1.3;4.1;0.327;2.6;4.7;0.542;0.518;2.2;3;0.738;2.3;5.8;8.1;1.4;0.4;0.7;1.4;2.7;11.3
460;Max Strus;SF;26;16;80;33;28.4;4.1;9.9;0.41;2.5;7;0.35;1.6;2.8;0.559;0.535;1;1.1;0.876;0.6;2.6;3.2;2.1;0.5;0.2;0.9;2.1;11.5
461;Jalen Suggs;PG;21;22;53;19;23.5;3.5;8.4;0.419;1.2;3.8;0.327;2.3;4.6;0.496;0.493;1.6;2.2;0.723;1;2;3;2.9;1.3;0.5;1.8;2.3;9.9
462;Edmond Sumner;SG;27;3;53;12;13.9;2.3;5.1;0.461;0.6;1.6;0.356;1.8;3.4;0.511;0.519;1.9;2;0.917;0.2;1.2;1.5;1.3;0.6;0.2;0.9;1.6;7.1
463;Cole Swider;SF;23;14;7;0;5.9;0.4;1.3;0.333;0.4;1.1;0.375;0;0.1;0;0.5;0;0;0;0.1;0.9;1;0.6;0;0;0;0.4;1.3
464;Jae'Sean Tate;SF;27;11;31;7;21.8;3.5;7.4;0.48;0.4;1.5;0.283;3.1;5.9;0.53;0.509;1.6;2.2;0.725;1.3;2.5;3.8;2.7;0.7;0.2;1.5;3.4;9.1
465;Jayson Tatum;PF;24;2;74;74;36.9;9.8;21.1;0.466;3.2;9.3;0.35;6.6;11.8;0.558;0.543;7.2;8.4;0.854;1.1;7.7;8.8;4.6;1.1;0.7;2.9;2.2;30.1
466;Terry Taylor;PF;23;0;31;2;8.5;1.3;2.4;0.52;0.2;0.6;0.263;1.1;1.8;0.607;0.553;0.2;0.4;0.545;0.9;0.6;1.5;0.3;0.1;0.2;0.3;0.8;2.9
466;Terry Taylor;PF;23;12;26;2;8.8;1.2;2.5;0.462;0.2;0.7;0.222;1;1.8;0.553;0.492;0.2;0.3;0.714;0.8;0.7;1.5;0.4;0.1;0.2;0.3;0.9;2.7
466;Terry Taylor;PF;23;5;5;0;7.2;1.8;2;0.9;0.2;0.2;1;1.6;1.8;0.889;0.95;0.2;0.8;0.25;1;0.6;1.6;0;0;0.2;0;0.4;4
467;Garrett Temple;SG;36;19;25;0;6.5;0.7;1.8;0.4;0.4;1;0.423;0.3;0.8;0.368;0.522;0.1;0.2;0.75;0.2;0.5;0.7;0.5;0.4;0.1;0.2;0.6;2
468;Dalen Terry;SG;20;5;38;0;5.6;0.8;1.9;0.444;0.2;0.7;0.259;0.7;1.2;0.556;0.493;0.4;0.6;0.667;0.3;0.7;1;0.6;0.3;0.1;0.2;0.6;2.2
469;Daniel Theis;C;30;12;7;1;15.6;3;6.3;0.477;0.3;1.6;0.182;2.7;4.7;0.576;0.5;0.7;1.7;0.417;1;2.1;3.1;1.3;0.3;0.9;0.4;1;7
470;Cam Thomas;SG;21;3;57;4;16.6;3.5;8;0.441;0.9;2.3;0.383;2.6;5.7;0.464;0.497;2.6;3.1;0.868;0.1;1.5;1.7;1.4;0.4;0.1;1.1;1;10.6
471;Klay Thompson;SG;32;10;69;69;33;7.9;18.1;0.436;4.4;10.6;0.412;3.6;7.6;0.47;0.556;1.7;1.9;0.879;0.6;3.6;4.1;2.4;0.7;0.4;1.8;1.9;21.9
472;JT Thor;PF;20;4;69;8;14;1.4;3.4;0.399;0.6;1.8;0.317;0.8;1.7;0.487;0.481;0.5;0.7;0.702;0.5;1.7;2.2;0.5;0.3;0.3;0.6;1;3.8
473;Matisse Thybulle;SG;25;0;71;28;16.9;1.5;3.6;0.435;0.8;2.1;0.365;0.8;1.5;0.533;0.542;0.3;0.4;0.679;0.6;1.4;2;0.7;1.2;0.5;0.3;1.6;4.1
473;Matisse Thybulle;SG;25;23;49;6;12.1;1;2.4;0.431;0.4;1.3;0.333;0.6;1.1;0.547;0.522;0.2;0.2;0.75;0.4;0.9;1.3;0.5;0.9;0.3;0.2;1.3;2.7
473;Matisse Thybulle;SG;25;25;22;22;27.7;2.7;6.2;0.438;1.5;3.9;0.388;1.2;2.4;0.519;0.558;0.5;0.7;0.625;0.9;2.6;3.5;1.4;1.7;0.8;0.7;2.2;7.4
474;Xavier Tillman Sr.;PF;24;15;61;29;19.3;3.1;5;0.614;0.1;0.2;0.267;3;4.8;0.632;0.621;0.8;1.5;0.551;2;3;5;1.6;1;0.5;0.7;1.6;7
475;Isaiah Todd;PF;21;30;6;1;10.2;0.5;3.2;0.158;0.2;1.7;0.1;0.3;1.5;0.222;0.184;0.3;0.3;1;0.3;1.7;2;0.7;0.2;0;0.3;0.7;1.5
476;Obi Toppin;PF;24;20;67;5;15.7;2.8;6.3;0.446;1.3;3.7;0.344;1.5;2.6;0.593;0.548;0.6;0.7;0.809;0.4;2.4;2.8;1;0.3;0.2;0.6;1;7.4
477;Juan Toscano-Anderson;SF;29;0;52;9;13.5;1.2;2.8;0.448;0.2;0.8;0.186;1.1;1.9;0.56;0.476;0.4;0.5;0.792;0.5;1.8;2.4;1.3;0.3;0.2;0.7;1.5;3
477;Juan Toscano-Anderson;SF;29;14;30;7;12.2;1.1;2.2;0.5;0.1;0.7;0.2;1;1.5;0.63;0.53;0.4;0.5;0.733;0.5;1.6;2;0.8;0.3;0.2;0.6;1.5;2.7
477;Juan Toscano-Anderson;SF;29;29;22;2;15.2;1.4;3.5;0.403;0.2;1;0.174;1.2;2.5;0.5;0.429;0.4;0.4;0.889;0.6;2.2;2.9;1.8;0.3;0.1;0.8;1.5;3.4
478;Karl-Anthony Towns;PF;27;18;29;29;33;7.3;14.8;0.495;2.1;5.7;0.366;5.2;9.1;0.576;0.565;4.1;4.7;0.874;1.7;6.5;8.1;4.8;0.7;0.6;3;3.8;20.8
479;Gary Trent Jr.;SG;24;28;66;44;32.1;6.1;14.2;0.433;2.5;6.8;0.369;3.6;7.3;0.493;0.522;2.6;3.1;0.839;0.5;2.2;2.6;1.6;1.6;0.2;0.8;1.5;17.4
480;P.J. Tucker;PF;37;23;75;75;25.6;1.3;3;0.427;0.7;1.9;0.393;0.5;1.1;0.482;0.549;0.3;0.3;0.826;1.3;2.7;3.9;0.8;0.5;0.2;0.6;2.4;3.5
481;Myles Turner;C;26;12;62;62;29.4;6.5;11.8;0.548;1.5;4;0.373;5;7.8;0.638;0.612;3.5;4.5;0.783;1.4;6.1;7.5;1.4;0.6;2.3;1.7;3.5;18
482;Stanley Umude;SG;23;9;1;0;2;0;1;0;0;1;0;0;0;0;0;2;2;1;0;0;0;0;1;1;0;0;2
483;Jonas Valan?i?nas;C;30;19;79;79;24.9;5.6;10.3;0.547;0.5;1.4;0.349;5.2;8.9;0.577;0.57;2.3;2.8;0.826;2.8;7.3;10.2;1.8;0.3;0.7;2;3.1;14.1
484;Jarred Vanderbilt;PF;23;0;78;65;24.1;3.2;5.8;0.548;0.4;1.2;0.322;2.8;4.6;0.604;0.58;1.2;1.8;0.691;2.2;5.3;7.5;2.4;1.1;0.3;1.2;2.4;7.9
484;Jarred Vanderbilt;PF;23;29;52;41;24.1;3.3;6;0.556;0.4;1.1;0.333;3;4.9;0.606;0.587;1.3;2;0.657;2.3;5.5;7.9;2.7;1;0.3;1.3;2.6;8.3
484;Jarred Vanderbilt;PF;23;14;26;24;24;2.8;5.4;0.529;0.4;1.3;0.303;2.5;4.1;0.598;0.564;1.1;1.4;0.784;1.9;4.8;6.7;1.6;1.2;0.2;1.1;2.2;7.2
485;Fred VanVleet;PG;28;28;69;69;36.7;6.3;16.1;0.393;3;8.8;0.342;3.3;7.3;0.455;0.486;3.7;4.1;0.898;0.4;3.6;4.1;7.2;1.8;0.6;2;2.8;19.3
486;Devin Vassell;SG;22;27;38;32;31;6.9;15.7;0.439;2.7;7;0.387;4.2;8.7;0.48;0.525;2.1;2.6;0.78;0.2;3.7;3.9;3.6;1.1;0.4;1.5;1.5;18.5
487;Gabe Vincent;PG;26;16;68;34;25.9;3.4;8.3;0.402;1.7;5.1;0.334;1.6;3.2;0.512;0.505;1;1.1;0.872;0.4;1.7;2.1;2.5;0.9;0.1;1.4;2.3;9.4
488;Noah Vonleh;C;27;2;23;1;7.4;0.5;1;0.458;0;0.2;0.25;0.4;0.9;0.5;0.479;0.1;0.1;1;0.8;1.3;2.1;0.3;0.1;0.3;0.5;1.5;1.1
489;Nikola Vu?evi?;C;32;5;82;82;33.5;7.3;14;0.52;1.5;4.2;0.349;5.8;9.8;0.594;0.573;1.6;1.9;0.835;1.9;9.1;11;3.2;0.7;0.7;1.7;2.2;17.6
490;Dean Wade;PF;26;6;44;13;20.3;1.7;4;0.412;1;2.9;0.354;0.6;1.1;0.56;0.54;0.3;0.5;0.652;0.5;3;3.4;0.8;0.6;0.5;0.4;2;4.7
491;Franz Wagner;SF;21;22;80;80;32.6;6.8;14;0.485;1.6;4.5;0.361;5.2;9.5;0.544;0.543;3.4;4;0.842;0.9;3.2;4.1;3.5;1;0.2;2.1;2.3;18.6
492;Moritz Wagner;C;25;22;57;18;19.5;3.5;6.9;0.5;0.9;2.9;0.313;2.6;4.1;0.631;0.564;2.7;3.2;0.841;1.2;3.3;4.5;1.5;0.6;0.2;1.2;2.4;10.5
493;Ish Wainright;SF;28;24;60;2;15.3;1.4;3.8;0.37;1;2.9;0.329;0.5;0.9;0.5;0.496;0.4;0.5;0.839;0.8;1.6;2.3;0.9;0.6;0.4;0.4;2;4.2
494;Jabari Walker;SF;20;25;56;0;11.1;1.5;3.5;0.419;0.3;1;0.286;1.2;2.5;0.472;0.46;0.6;0.8;0.756;0.9;1.5;2.3;0.6;0.2;0.2;0.5;1.2;3.9
495;Kemba Walker;PG;32;7;9;1;16;2.7;6.3;0.421;0.8;3.1;0.25;1.9;3.2;0.586;0.482;1.9;2.3;0.81;0.3;1.4;1.8;2.1;0.2;0.2;0.4;1.2;8
496;Lonnie Walker IV;SG;24;14;56;32;23.2;4.2;9.4;0.448;1.6;4.4;0.365;2.6;5;0.522;0.534;1.6;1.9;0.858;0.3;1.7;1.9;1.1;0.5;0.3;0.8;1.3;11.7
497;John Wall;PG;32;13;34;3;22.2;4.1;9.9;0.408;1;3.2;0.303;3.1;6.7;0.459;0.457;2.3;3.3;0.681;0.4;2.3;2.7;5.2;0.8;0.4;2.4;1.7;11.4
498;T.J. Warren;PF-SF;29;0;42;0;16.4;3.1;6.4;0.489;0.5;1.6;0.328;2.6;4.8;0.542;0.53;0.7;0.8;0.8;0.6;2.3;2.9;1;0.5;0.3;0.5;1.5;7.5
498;T.J. Warren;PF;29;3;26;0;18.8;3.9;7.7;0.51;0.6;1.8;0.333;3.3;5.8;0.566;0.55;1;1.3;0.818;0.5;2.3;2.8;1.1;0.6;0.3;0.7;1.7;9.5
498;T.J. Warren;SF;29;24;16;0;12.3;1.9;4.4;0.429;0.4;1.2;0.316;1.5;3.2;0.471;0.471;0.1;0.1;0.5;0.8;2.3;3.1;0.7;0.4;0.3;0.2;1.3;4.2
499;Duane Washington Jr.;SG;22;24;31;3;12.7;3;8.3;0.367;1.3;3.6;0.36;1.7;4.7;0.372;0.445;0.5;0.8;0.667;0.1;1.1;1.2;2;0.2;0.1;1.1;0.7;7.9
500;P.J. Washington;PF;24;4;73;73;32.6;5.9;13.4;0.444;2;5.9;0.348;3.9;7.5;0.518;0.52;1.7;2.4;0.73;1;3.9;4.9;2.4;0.9;1.1;1.5;2.6;15.7
501;TyTy Washington Jr.;PG;21;11;31;2;14;1.9;5.2;0.363;0.6;2.6;0.238;1.3;2.6;0.488;0.422;0.3;0.6;0.556;0.1;1.4;1.5;1.5;0.5;0.1;0.5;0.9;4.7
502;Yuta Watanabe;SF;28;3;58;1;16;2;4;0.491;1;2.3;0.444;0.9;1.7;0.557;0.621;0.6;0.8;0.723;0.5;1.9;2.4;0.8;0.4;0.3;0.4;1.4;5.6
503;Lindy Waters III;SG;25;21;41;0;13;1.7;4.3;0.393;1.4;4;0.358;0.3;0.4;0.75;0.556;0.4;0.5;0.8;0.4;1.4;1.8;0.7;0.3;0.3;0.2;1;5.2
504;Trendon Watford;PF;22;25;62;12;19.1;2.9;5.2;0.56;0.4;1;0.391;2.5;4.2;0.602;0.599;1.2;1.6;0.72;0.7;3.2;3.8;2.1;0.5;0.2;1.1;1.9;7.4
505;Peyton Watson;SG;20;8;23;2;8.1;1.3;2.6;0.492;0.3;0.6;0.429;1;2;0.511;0.542;0.5;0.9;0.55;0.3;1.3;1.6;0.5;0.1;0.5;0.3;0.6;3.3
506;Blake Wesley;SG;19;27;37;1;18.1;1.9;5.8;0.321;0.5;1.4;0.385;1.3;4.4;0.301;0.367;0.7;1.2;0.591;0.3;1.9;2.2;2.7;0.7;0.1;1.8;1.8;5
507;Russell Westbrook;PG;34;0;73;24;29.1;5.9;13.6;0.436;1.2;3.9;0.311;4.7;9.7;0.487;0.481;2.8;4.3;0.656;1.2;4.6;5.8;7.5;1;0.5;3.5;2.2;15.9
507;Russell Westbrook;PG;34;14;52;3;28.7;5.8;14;0.417;1.2;4.1;0.296;4.6;9.9;0.467;0.46;3;4.6;0.655;1.1;5;6.2;7.5;1;0.4;3.5;2.3;15.9
507;Russell Westbrook;PG;34;13;21;21;30.2;6.1;12.5;0.489;1.2;3.5;0.356;4.9;9;0.54;0.538;2.4;3.6;0.658;1.4;3.4;4.9;7.6;1.1;0.5;3.4;2;15.8
508;Coby White;SG;22;5;74;2;23.4;3.6;8;0.443;1.7;4.6;0.372;1.8;3.4;0.54;0.551;0.8;0.9;0.871;0.2;2.6;2.9;2.8;0.7;0.1;1;1.6;9.7
509;Derrick White;SG;28;2;82;70;28.3;4.3;9.2;0.462;1.8;4.8;0.381;2.5;4.5;0.548;0.56;2;2.3;0.875;0.6;2.9;3.6;3.9;0.7;0.9;1.2;2.2;12.4
510;Jack White;SF;25;8;17;0;3.9;0.5;1.1;0.421;0.2;0.5;0.333;0.3;0.6;0.5;0.5;0.1;0.2;0.667;0.4;0.6;1;0.2;0.2;0.1;0.1;0.5;1.2
511;Joe Wieskamp;SF;23;28;9;0;5.6;0.3;1.6;0.214;0.3;1.3;0.25;0;0.2;0;0.321;0;0;0;0;0.4;0.4;0.3;0;0;0.1;0.3;1
512;Aaron Wiggins;SG;24;21;70;14;18.5;2.7;5.2;0.512;0.7;1.7;0.393;2;3.4;0.573;0.579;0.8;1;0.831;1;2;3;1.1;0.6;0.2;0.8;1.6;6.8
513;Andrew Wiggins;SF;27;10;37;37;32.2;6.8;14.3;0.473;2.4;6.1;0.396;4.4;8.2;0.53;0.557;1.2;1.9;0.611;1.6;3.4;5;2.3;1.2;0.8;1.3;2.9;17.1
514;Lindell Wigginton;PG;24;17;7;1;12.4;2.6;5.3;0.486;0.9;2.6;0.333;1.7;2.7;0.632;0.568;1.1;1.3;0.889;0;1;1;2;0;0.3;1.7;1;7.1
515;Alondes Williams;SG;23;3;1;0;5;0;0;0;0;0;0;0;0;0;0;0;0;0;0;1;1;0;0;0;2;1;0
516;Donovan Williams;SG;21;1;2;0;2;1;2.5;0.4;0;1;0;1;1.5;0.667;0.4;0;0;0;0;1;1;0;0;0;0;0;2
517;Grant Williams;PF;24;2;79;23;25.9;2.7;6;0.454;1.5;3.7;0.395;1.3;2.3;0.546;0.575;1.2;1.5;0.77;1.1;3.5;4.6;1.7;0.5;0.4;1;2.4;8.1
518;Jalen Williams;SG;21;21;75;62;30.3;5.5;10.6;0.521;1;2.7;0.356;4.5;7.9;0.579;0.567;2.1;2.5;0.812;1.1;3.4;4.5;3.3;1.4;0.5;1.6;2.5;14.1
519;Jaylin Williams;PF;20;21;49;36;18.7;2.1;4.8;0.436;0.9;2.3;0.407;1.1;2.5;0.463;0.534;0.8;1.1;0.704;0.9;4;4.9;1.6;0.6;0.2;0.8;2.3;5.9
520;Jeenathan Williams;SG;23;25;5;4;25.4;4.8;7.8;0.615;0.6;1.6;0.375;4.2;6.2;0.677;0.654;0.4;0.6;0.667;2;1;3;2;0.6;0.4;0.8;2.6;10.6
521;Kenrich Williams;PF;28;21;53;10;22.8;3.4;6.5;0.517;0.9;2.5;0.373;2.4;4;0.608;0.59;0.3;0.7;0.436;1.8;3.1;4.9;2;0.8;0.3;0.6;2.1;8
522;Mark Williams;C;21;4;43;17;19.3;3.7;5.8;0.637;0;0;0;3.7;5.8;0.637;0.637;1.6;2.3;0.691;2.2;4.9;7.1;0.4;0.7;1;0.9;2.2;9
523;Patrick Williams;PF;21;5;82;65;28.3;3.8;8.3;0.464;1.4;3.4;0.415;2.4;4.9;0.498;0.549;1.1;1.3;0.857;1;3;4;1.2;0.9;0.9;1.2;1.8;10.2
524;Robert Williams;C;25;2;35;20;23.5;3.6;4.9;0.747;0;0;0;3.6;4.8;0.751;0.747;0.7;1.2;0.61;3;5.4;8.3;1.4;0.6;1.4;1;1.9;8
525;Vince Williams Jr.;SG;22;15;15;1;7;0.8;2.7;0.3;0.3;1.9;0.143;0.5;0.8;0.667;0.35;0.1;0.1;1;0.3;0.7;1;0.3;0.4;0.1;0.3;0.8;2
526;Ziaire Williams;SF;21;15;37;4;15.2;2.3;5.3;0.429;0.7;2.6;0.258;1.6;2.7;0.596;0.492;0.5;0.6;0.773;0.4;1.7;2.1;0.9;0.4;0.2;1;1.6;5.7
527;Zion Williamson;PF;22;19;29;29;33;9.8;16.2;0.608;0.2;0.7;0.368;9.6;15.5;0.618;0.615;6.1;8.6;0.714;2;5;7;4.6;1.1;0.6;3.4;2.2;26
528;Dylan Windler;SF;26;6;3;0;3.3;0.7;1;0.667;0.3;0.7;0.5;0.3;0.3;1;0.833;0;0;0;0;0;0;0.3;0.3;0;0.3;0;1.7
529;Justise Winslow;SF;26;25;29;11;26.8;2.8;6.8;0.409;0.5;1.6;0.311;2.3;5.3;0.438;0.444;0.7;1;0.714;1.7;3.3;5;3.4;1;0.4;1.5;3.1;6.8
530;James Wiseman;C;21;0;45;22;19.3;4.2;7.5;0.558;0.1;0.4;0.2;4.1;7.1;0.58;0.563;1.5;2.2;0.701;1.6;4.3;5.9;0.7;0.2;0.6;1.1;2.4;10
530;James Wiseman;C;21;10;21;0;12.5;2.8;4.5;0.628;0;0.1;0.5;2.8;4.4;0.63;0.633;1.2;1.8;0.684;0.9;2.6;3.5;0.7;0.1;0.3;0.7;1.9;6.9
530;James Wiseman;C;21;9;24;22;25.2;5.4;10.2;0.531;0.1;0.8;0.167;5.3;9.5;0.559;0.537;1.8;2.5;0.712;2.3;5.8;8.1;0.7;0.2;0.8;1.5;2.9;12.7
531;Christian Wood;C;27;7;67;17;25.9;5.9;11.5;0.515;1.6;4.2;0.376;4.3;7.3;0.594;0.583;3.2;4.2;0.772;1.3;6;7.3;1.8;0.4;1.1;1.8;2.5;16.6
532;Delon Wright;PG;30;30;50;14;24.4;2.8;5.8;0.474;0.8;2.4;0.345;1.9;3.4;0.564;0.545;1;1.2;0.867;1.2;2.4;3.6;3.9;1.8;0.3;0.9;1.2;7.4
533;McKinley Wright IV;PG;24;7;27;1;12.4;1.7;3.6;0.469;0.3;1;0.321;1.4;2.6;0.529;0.515;0.5;0.7;0.684;0.3;1.4;1.7;2.1;0.3;0.2;0.7;0.9;4.2
534;Gabe York;SG;29;12;3;0;18.7;2.7;7;0.381;2;6;0.333;0.7;1;0.667;0.524;0.7;0.7;1;0;2;2;1.7;0.7;0;0;1.7;8
535;Thaddeus Young;PF;34;28;54;9;14.7;2;3.7;0.545;0.1;0.6;0.176;1.9;3;0.622;0.561;0.3;0.5;0.692;1.3;1.8;3.1;1.4;1;0.1;0.8;1.6;4.4
536;Trae Young;PG;24;1;73;73;34.8;8.2;19;0.429;2.1;6.3;0.335;6.1;12.7;0.476;0.485;7.8;8.8;0.886;0.8;2.2;3;10.2;1.1;0.1;4.1;1.4;26.2
537;Omer Yurtseven;C;24;16;9;0;9.2;1.8;3;0.593;0.3;0.8;0.429;1.4;2.2;0.65;0.648;0.6;0.7;0.833;0.9;1.7;2.6;0.2;0.2;0.2;0.4;1.8;4.4
538;Cody Zeller;C;30;16;15;2;14.5;2.5;3.9;0.627;0;0.1;0;2.5;3.8;0.649;0.627;1.6;2.3;0.686;1.7;2.6;4.3;0.7;0.2;0.3;0.9;2.2;6.5
539;Ivica Zubac;C;25;13;76;76;28.6;4.3;6.8;0.634;0;0;0;4.3;6.7;0.637;0.634;2.2;3.1;0.697;3.1;6.8;9.9;1;0.4;1.3;1.5;2.9;10.8
